-- phpMyAdmin SQL Dump
-- version 5.0.2
-- https://www.phpmyadmin.net/
--
-- Host: 127.0.0.1
-- Generation Time: May 09, 2020 at 09:12 AM
-- Server version: 10.4.11-MariaDB
-- PHP Version: 7.4.4

SET SQL_MODE = "NO_AUTO_VALUE_ON_ZERO";
START TRANSACTION;
SET time_zone = "+00:00";


/*!40101 SET @OLD_CHARACTER_SET_CLIENT=@@CHARACTER_SET_CLIENT */;
/*!40101 SET @OLD_CHARACTER_SET_RESULTS=@@CHARACTER_SET_RESULTS */;
/*!40101 SET @OLD_COLLATION_CONNECTION=@@COLLATION_CONNECTION */;
/*!40101 SET NAMES utf8mb4 */;

--
-- Database: `library`
--

-- --------------------------------------------------------

--
-- Table structure for table `author`
--

CREATE TABLE `author` (
  `id` int(11) NOT NULL,
  `name` varchar(100) NOT NULL,
  `b_year` date NOT NULL,
  `city` varchar(100) NOT NULL
) ENGINE=InnoDB DEFAULT CHARSET=latin1;

--
-- Dumping data for table `author`
--

INSERT INTO `author` (`id`, `name`, `b_year`, `city`) VALUES
(1, 'Cathryn Christiansen', '1982-08-16', 'North Adrien'),
(2, 'Mr. Faustino Abshire MD', '1975-10-18', 'New Candelariobury'),
(3, 'Beverly West Jr.', '1995-07-08', 'Gulgowskiport'),
(4, 'Ms. America Robel', '2012-11-04', 'East Gracieside'),
(5, 'Amani Bernhard PhD', '1989-07-10', 'Katrinabury'),
(6, 'Eusebio Huel', '1976-07-02', 'East Bethany'),
(7, 'Glenda Walsh', '2005-05-05', 'Nikitachester'),
(8, 'Aliyah Runolfsdottir III', '2008-05-18', 'New Antone'),
(9, 'Dr. Avery Mante IV', '1987-09-17', 'North Timmyland'),
(10, 'Candelario Fay', '1988-01-29', 'Baileyside'),
(11, 'Miss Amina Price II', '1974-11-14', 'Corwinborough'),
(12, 'Brandt Schimmel', '2001-02-10', 'Delphaland'),
(13, 'Sylvia Heidenreich', '2015-06-06', 'Kennedyton'),
(14, 'Otis Bergstrom', '2005-10-12', 'West Eleonoreshire'),
(15, 'Broderick Torp', '1990-06-25', 'Lake Ruthe'),
(16, 'Elena Abbott', '2004-11-07', 'Lake Constancemouth'),
(17, 'Zoila Medhurst', '2015-12-10', 'Charlieport'),
(18, 'Willis Bode', '1997-10-19', 'South Americahaven'),
(19, 'Dr. Urban Stoltenberg', '1996-09-04', 'North Marianburgh'),
(20, 'Cathrine Ritchie', '2014-07-28', 'Lindsaystad'),
(21, 'Ms. Lolita Gusikowski IV', '2019-12-27', 'East Jackchester'),
(22, 'Granville Abernathy', '2001-11-28', 'Hackettstad'),
(23, 'Dominique Jenkins', '1998-04-09', 'Pfannerstillberg'),
(24, 'Devonte Murazik Sr.', '1993-12-12', 'Nikitachester'),
(25, 'Haskell O\'Kon III', '2017-08-27', 'East Orlandofurt'),
(26, 'Ben Turcotte', '2011-05-21', 'Caryville'),
(27, 'Polly Stroman', '2015-01-21', 'West Edgardo'),
(28, 'Nickolas Rohan', '2019-10-12', 'Wymanton'),
(29, 'Vergie O\'Reilly DDS', '1984-09-02', 'New Eusebio'),
(30, 'Cooper Gislason', '1971-11-27', 'Toyview'),
(31, 'Tina Bergstrom', '1995-01-07', 'Carrieville'),
(32, 'Dr. Ana Bednar', '2017-09-23', 'Port Birdie'),
(33, 'Mr. Emory Williamson', '2005-04-17', 'Darrionview'),
(34, 'Mrs. Izabella Grady IV', '1994-12-14', 'Audiehaven'),
(35, 'Dr. Adrian Romaguera', '1999-01-11', 'North Quinten'),
(36, 'Gabe Gutmann PhD', '2019-03-06', 'Talonmouth'),
(37, 'Dasia Streich DVM', '1987-08-07', 'East Lavon'),
(38, 'Rosie Rosenbaum', '1973-09-22', 'Margaritaview'),
(39, 'Mr. Zack Schowalter', '1989-04-20', 'Nolahaven'),
(40, 'Alvina West', '1987-11-17', 'East Aleenview'),
(41, 'Katlyn Bode', '2009-09-25', 'Kurtisfort'),
(42, 'Tate Schultz', '2007-03-09', 'Lake Salmabury'),
(43, 'Miss Della Schultz', '2015-11-08', 'Manuelamouth'),
(44, 'Vanessa Funk', '1997-08-25', 'Lake Dina'),
(45, 'Kelli Runolfsdottir', '1992-09-22', 'Port Amos'),
(46, 'Brody Marvin', '1989-01-29', 'Maggiofurt'),
(47, 'Bridgette Jakubowski', '2010-07-12', 'East Alene'),
(48, 'Prof. Leta Grady DVM', '2015-08-24', 'Ardellabury'),
(49, 'Marcus Wunsch', '1971-07-09', 'Robertsfurt'),
(50, 'Aaron Trantow', '1988-10-18', 'Alfordfurt'),
(51, 'Evert Hansen', '2012-07-01', 'Ivahborough'),
(52, 'Mrs. Emelia Feest V', '1988-01-02', 'Franeckiborough'),
(53, 'Dr. Erica Rodriguez', '2016-07-06', 'South Natside'),
(54, 'Dr. Marshall Gusikowski', '1988-06-03', 'Port Titoberg'),
(55, 'Dr. Roosevelt Stokes DVM', '1995-11-04', 'East Zoieborough'),
(56, 'Carolanne Donnelly', '1987-11-23', 'North Norris'),
(57, 'Mr. Fermin Ledner', '1986-11-04', 'Faustinoview'),
(58, 'Jovani Keebler', '2004-02-16', 'Yasminetown'),
(59, 'Regan Rohan DDS', '1989-07-02', 'Port Rubie'),
(60, 'Ramona Botsford', '1984-03-11', 'West Porter'),
(61, 'Delmer Stamm', '2011-10-24', 'East Augusta'),
(62, 'Jeanne Rohan', '1972-09-19', 'West Elsiemouth'),
(63, 'Bill Tillman IV', '2005-09-10', 'East Denisville'),
(64, 'Tessie Lueilwitz', '2000-05-14', 'East Celestine'),
(65, 'Nellie Stroman', '2018-02-06', 'Olsonbury'),
(66, 'Santino Williamson', '2008-02-29', 'Stoneborough'),
(67, 'Molly Stracke I', '2008-07-12', 'Davisland'),
(68, 'Aimee Kessler', '1993-04-05', 'Dickensfort'),
(69, 'Mrs. Glenna Gaylord IV', '2013-01-09', 'Rashawnport'),
(70, 'Damien Hettinger I', '2004-05-15', 'North Luciousbury'),
(71, 'Mazie Windler', '1977-04-08', 'East Patfurt'),
(72, 'Frida Herman', '1997-04-16', 'Justusfort'),
(73, 'Alisa Jenkins', '2002-08-23', 'Ortizfort'),
(74, 'Kristin Rippin', '1977-08-28', 'Daneton'),
(75, 'Cruz Jast', '1992-06-30', 'New Janessa'),
(76, 'Mr. Nathen Blick', '2005-06-10', 'Lake Nils'),
(77, 'Gage Johnston', '1995-01-14', 'New Doraville'),
(78, 'Mr. Marley Crooks', '2016-01-16', 'South Manuel'),
(79, 'Kailey Weber', '1997-07-19', 'Odessamouth'),
(80, 'Jakayla Dach', '2007-10-07', 'Cornelltown'),
(81, 'Mollie Rath', '1975-11-07', 'Opheliachester'),
(82, 'Prof. Spencer Wilderman', '2009-12-03', 'Leonardoport'),
(83, 'Anthony Zemlak', '1997-05-10', 'Lake Deangelo'),
(84, 'Kaycee Stehr', '1970-07-02', 'Fayeton'),
(85, 'Mrs. Jazmyn Wiza Sr.', '1989-09-17', 'Donnellyberg'),
(86, 'Gladyce Douglas V', '1993-12-22', 'Port Kimfurt'),
(87, 'Mrs. Irma Langosh PhD', '1977-09-08', 'Zacherymouth'),
(88, 'Hadley Fay', '2018-08-12', 'Weimannbury'),
(89, 'Dr. Price Murray', '1976-02-26', 'McDermottfurt'),
(90, 'Ransom Langosh', '1998-11-10', 'Port Hayden'),
(91, 'Herman Frami', '1986-10-05', 'Keshaunmouth'),
(92, 'Hester McDermott I', '2010-05-22', 'Lake Leatha'),
(93, 'Daphne Kunze', '1985-08-19', 'East Caterina'),
(94, 'Winona Johnston', '1982-07-08', 'Mohrside'),
(95, 'Lola Heidenreich', '1988-01-17', 'Port Freeda'),
(96, 'Dr. Jerrod Braun V', '2020-02-03', 'Helmerview'),
(97, 'Christop Macejkovic', '2015-09-16', 'Jochester'),
(98, 'Dejuan Dickinson', '2000-04-17', 'West Johnburgh'),
(99, 'Brennan Okuneva', '1973-08-13', 'Christiansenfort'),
(100, 'Jadon Homenick', '2012-04-15', 'Lake Daynaside'),
(101, 'Mr. Jaylen Monahan', '1985-09-27', 'Ferminside'),
(102, 'Trevion Adams', '2019-04-13', 'East Tessmouth'),
(103, 'Fred Jacobs IV', '2011-11-15', 'Cassinberg'),
(104, 'Monserrat McDermott', '1983-10-05', 'West Reagan'),
(105, 'Tiara Stracke Sr.', '1978-05-09', 'Carterland'),
(106, 'Carolyn Schumm', '2005-01-25', 'Goodwinshire'),
(107, 'Remington Considine', '1983-11-03', 'Glendaville'),
(108, 'Ms. Jacinthe Auer V', '1979-09-14', 'Luettgenmouth'),
(109, 'Rogers Rutherford', '1982-11-08', 'Lake Armand'),
(110, 'Jasen Bogisich', '2009-07-13', 'Wilkinsonland'),
(111, 'Chester Treutel', '1999-01-24', 'New Athena'),
(112, 'Janis Keebler', '1978-11-30', 'Hagenesmouth'),
(113, 'Prof. Alphonso Little', '1994-08-20', 'Cassinton'),
(114, 'Luella Labadie', '2003-02-17', 'Schneiderton'),
(115, 'Samanta Schmitt', '1997-12-09', 'West Casandra'),
(116, 'Rowan Zulauf', '1994-06-30', 'Ricemouth'),
(117, 'Prof. Harrison Hermann Jr.', '1994-10-26', 'Lueilwitzville'),
(118, 'Margarete Reichert', '1977-10-29', 'South Chaimbury');

-- --------------------------------------------------------

--
-- Table structure for table `books`
--

CREATE TABLE `books` (
  `id` int(11) NOT NULL,
  `callno` varchar(100) NOT NULL,
  `category_id` int(11) NOT NULL,
  `author_id` int(11) NOT NULL,
  `publisher_id` int(11) NOT NULL,
  `name` varchar(100) NOT NULL,
  `quantity` int(11) NOT NULL,
  `added_date` timestamp NOT NULL DEFAULT current_timestamp(),
  `issued` int(11) NOT NULL
) ENGINE=InnoDB DEFAULT CHARSET=latin1;

--
-- Dumping data for table `books`
--

INSERT INTO `books` (`id`, `callno`, `category_id`, `author_id`, `publisher_id`, `name`, `quantity`, `added_date`, `issued`) VALUES
(1, '41876541', 1, 1, 1, 'She had just.', 0, '2001-11-20 11:14:20', 3),
(2, '93976794', 2, 2, 2, 'Alice, as she.', 2, '1997-03-30 02:34:03', 0),
(3, '08505194', 3, 3, 3, 'I\'m not Ada,\'.', 5, '2016-01-05 23:56:38', 0),
(4, '39511331', 4, 4, 4, 'Rabbit began..', 1, '1973-12-10 18:50:00', 0),
(5, '54616110', 5, 5, 5, 'I don\'t take.', 9, '1986-02-09 08:16:54', 0),
(6, '92975552', 6, 6, 6, 'Bill,\' she.', 8, '1993-11-22 12:04:57', 0),
(7, '06255503', 7, 7, 7, 'King, the.', 5, '1989-11-25 22:56:50', 0),
(8, '36708659', 8, 8, 8, 'Alice had.', 8, '1974-05-06 04:37:29', 0),
(9, '76038365', 9, 9, 9, 'Alice could.', 7, '2018-06-14 14:41:29', 0),
(10, '19041070', 10, 10, 10, 'Alice took up.', 3, '1999-05-17 07:03:17', 0),
(11, '54894587', 1, 11, 11, 'Take your.', 1, '1999-09-14 10:22:10', 0),
(12, '87820799', 2, 12, 12, 'Alice soon.', 8, '2017-12-25 18:37:41', 0),
(13, '13527006', 3, 13, 13, 'VERY short.', 10, '1987-12-08 02:23:59', 0),
(14, '77794017', 4, 14, 14, 'English. \'I.', 9, '2002-03-16 04:35:41', 0),
(15, '97082095', 5, 15, 15, 'Forty-two..', 7, '1982-09-10 01:37:19', 0),
(16, '77572646', 6, 16, 16, 'Alice thought.', 4, '2016-08-24 21:21:41', 0),
(17, '82291266', 7, 17, 17, 'Hatter, it.', 9, '1991-06-02 10:41:04', 0),
(18, '04643067', 8, 18, 18, 'Majesty,\'.', 4, '2009-03-17 03:00:29', 0),
(19, '35469445', 9, 19, 19, 'Alice.', 4, '1972-10-25 20:23:02', 0),
(20, '13384791', 10, 20, 20, 'Alice think.', 6, '2000-10-19 22:55:46', 0),
(21, '64090429', 1, 21, 21, 'She went on.', 4, '1974-09-25 05:15:33', 0),
(22, '87092783', 2, 22, 22, 'The judge, by.', 4, '1995-09-19 10:51:01', 0),
(23, '91418388', 3, 23, 23, 'Adventures of.', 5, '1979-06-28 05:48:30', 0),
(24, '55452465', 4, 24, 24, 'MYSELF, I\'m.', 20, '1989-01-21 01:14:01', 0),
(25, '31989831', 5, 25, 25, 'I never.', 4, '2011-05-17 16:33:28', 0),
(26, '17677608', 6, 26, 26, 'Dinah, if I.', 1, '1984-02-21 00:45:39', 0),
(27, '21850608', 7, 27, 27, 'Alice. \'It.', 3, '2019-10-17 05:35:54', 0),
(28, '18457865', 8, 28, 28, 'I eat one of.', 3, '2012-11-19 20:44:07', 0),
(29, '43231775', 9, 29, 29, 'Alice,) and.', 10, '1985-03-07 23:23:38', 0),
(30, '12210923', 10, 30, 30, 'Hardly.', 3, '2011-04-21 17:28:49', 0),
(31, '04891659', 1, 31, 1, 'Suddenly she.', 10, '1983-11-12 16:25:57', 0),
(32, '86903479', 2, 32, 2, 'I to do?\'.', 1, '1995-12-04 22:09:11', 0),
(33, '29457663', 3, 33, 3, 'The Mouse.', 8, '2003-02-12 16:51:00', 0),
(34, '89530825', 4, 34, 4, 'And beat him.', 8, '1988-01-02 08:37:43', 0),
(35, '33313474', 5, 35, 5, 'In another.', 6, '1970-07-20 08:47:20', 0),
(36, '81967025', 6, 36, 6, 'March Hare..', 7, '1973-05-08 03:01:11', 0),
(37, '34405383', 7, 37, 7, 'They all sat.', 3, '1996-08-28 18:54:11', 0),
(38, '75412197', 8, 38, 8, 'Cat\'s head.', 2, '1973-08-24 05:57:43', 0),
(39, '11456704', 9, 39, 9, 'I suppose.', 4, '2018-02-01 06:54:27', 0),
(40, '36574810', 10, 40, 10, 'Duchess. An.', 8, '1978-03-28 11:29:41', 0),
(41, '13083427', 1, 41, 11, 'Alice knew it.', 9, '2007-05-29 12:57:55', 0),
(42, '80591009', 2, 42, 12, 'Alice guessed.', 6, '2008-02-17 02:55:40', 0),
(43, '40115818', 3, 43, 13, 'Soup, so rich.', 7, '2019-08-04 02:55:32', 0),
(44, '31266758', 4, 44, 14, 'She was a.', 2, '1988-01-29 17:00:12', 0),
(45, '10063453', 5, 45, 15, 'I think.\' And.', 3, '1997-09-15 00:53:30', 0),
(46, '23717633', 6, 46, 16, 'Mouse.', 9, '2015-04-06 01:04:25', 0),
(47, '71014401', 7, 47, 17, 'She took down.', 7, '1989-05-22 16:24:07', 0),
(48, '96642153', 8, 48, 18, 'There ought.', 2, '1995-09-16 21:58:16', 0),
(49, '37355883', 9, 49, 19, 'Duchess. \'I.', 8, '1986-09-29 12:14:34', 0),
(50, '62526609', 10, 50, 20, 'And certainly.', 7, '1981-10-26 05:58:39', 0),
(51, '77122049', 1, 51, 21, 'Alice quite.', 10, '2017-05-30 14:49:32', 0),
(52, '53084743', 2, 52, 22, 'I give it.', 10, '1972-06-09 10:04:28', 0),
(53, '93470520', 3, 53, 23, 'Gryphon went.', 7, '2003-08-17 10:13:55', 0),
(54, '63745528', 4, 54, 24, 'Majesty!\' the.', 10, '2003-11-15 11:54:17', 0),
(55, '65366172', 5, 55, 25, 'I wish you.', 1, '1987-03-10 12:12:14', 0),
(56, '11343394', 6, 56, 26, 'Dormouse.', 9, '2014-12-07 17:26:52', 0),
(57, '58849354', 7, 57, 27, 'Alice. \'Of.', 2, '2012-02-28 01:16:23', 0),
(58, '48144810', 8, 58, 28, 'Alice, \'as.', 3, '1993-01-26 04:25:47', 0),
(59, '66091554', 9, 59, 29, 'Cat remarked..', 7, '1974-12-07 15:24:29', 0),
(60, '04790372', 10, 60, 30, 'WHAT?\'.', 8, '2013-05-26 21:55:03', 0),
(61, '73496793', 1, 61, 1, 'I hadn\'t to.', 3, '1990-11-19 17:54:23', 0),
(62, '07741968', 2, 62, 2, 'March Hare:.', 15, '2019-12-14 04:07:23', 0),
(63, '10209684', 3, 63, 3, 'CHAPTER X..', 5, '2018-04-27 19:00:46', 0),
(64, '03032763', 4, 64, 4, 'WOULD twist.', 3, '1987-03-06 14:31:03', 0),
(65, '56743166', 5, 65, 5, 'Besides,.', 1, '1981-11-25 15:49:51', 0),
(66, '15085436', 6, 66, 6, 'Alice had.', 5, '1979-07-02 08:40:37', 0),
(67, '18620801', 7, 67, 7, 'Alice would.', 8, '2011-04-06 05:15:11', 0),
(68, '38905469', 8, 68, 8, 'As a duck.', 9, '1977-04-04 12:34:43', 0),
(69, '96597026', 9, 69, 9, 'Alice, as she.', 1, '1985-10-29 07:00:57', 0),
(70, '81675081', 10, 70, 10, 'I never.', 3, '1988-06-01 17:48:39', 0),
(71, '48148375', 1, 71, 11, 'The cook.', 13, '2001-11-04 17:27:10', 0),
(72, '94835151', 2, 72, 12, 'Mary Ann, and.', 7, '1976-10-09 04:36:05', 0),
(73, '56986020', 3, 73, 13, 'In a little.', 9, '2008-12-27 09:31:27', 0),
(74, '16348714', 4, 74, 14, 'Mary Ann, and.', 4, '2014-01-07 00:09:18', 0),
(75, '71115979', 5, 75, 15, 'Still she.', 7, '1972-09-24 01:46:03', 0),
(76, '97458135', 6, 76, 16, 'However, at.', 9, '2000-03-06 15:59:02', 0),
(77, '07306662', 7, 77, 17, 'For instance,.', 9, '2017-05-10 15:31:14', 0),
(78, '66298731', 8, 78, 18, 'By the use of.', 5, '2007-02-23 01:28:16', 0),
(79, '65829110', 9, 79, 19, 'Take your.', 1, '1974-05-24 10:55:03', 0),
(80, '91442772', 10, 80, 20, 'The cook.', 9, '2013-10-11 10:35:36', 0),
(81, '79690614', 1, 81, 21, 'Alice. \'Stand.', 1, '1992-06-02 11:39:02', 0),
(82, '08004376', 2, 82, 22, 'The only.', 2, '2008-02-24 05:45:08', 0),
(83, '58524954', 3, 83, 23, 'Alice, \'but I.', 9, '2001-05-10 17:18:31', 0),
(84, '83571916', 4, 84, 24, 'And how odd.', 2, '1976-07-03 11:21:11', 0),
(85, '40651422', 5, 85, 25, 'March Hare..', 5, '2002-10-11 13:01:20', 0),
(86, '65860311', 6, 86, 26, 'I won\'t,.', 7, '2010-10-03 08:21:31', 0),
(87, '90334436', 7, 87, 27, 'Footman.', 10, '1991-11-09 02:00:19', 0),
(88, '34647837', 8, 88, 28, 'I never.', 10, '2000-06-12 17:58:27', 0),
(89, '75575410', 9, 89, 29, 'THEN--she.', 8, '2004-10-20 10:03:25', 0),
(90, '59484288', 10, 90, 30, 'CHAPTER X..', 2, '2014-06-12 05:33:36', 0),
(91, '84919892', 1, 91, 1, 'Rabbit, and.', 7, '1983-03-30 03:08:22', 0),
(92, '34214602', 2, 92, 2, 'I am! But I\'d.', 8, '1978-11-17 20:44:20', 0),
(93, '29167586', 3, 93, 3, 'King: \'leave.', 7, '1971-07-30 19:16:58', 0),
(94, '35357940', 4, 94, 4, 'Mock Turtle.', 7, '1987-08-16 16:49:25', 0),
(95, '78242401', 5, 95, 5, 'Duchess: \'and.', 1, '1998-01-06 04:47:41', 0),
(96, '32490114', 6, 96, 6, 'How brave.', 6, '2001-02-19 01:19:08', 0),
(97, '34647608', 7, 97, 7, 'I shan\'t grow.', 7, '2009-07-11 19:27:53', 0),
(98, '40506302', 8, 98, 8, 'Alice thought.', 6, '2012-09-18 05:46:34', 0),
(99, '53769022', 9, 99, 9, 'Alice was not.', 8, '1978-11-09 21:34:23', 0),
(100, '96229095', 10, 100, 10, 'Queen to play.', 9, '2019-09-07 20:22:50', 0),
(101, '24207119', 1, 101, 11, 'Alice, as she.', 9, '1975-03-11 22:40:28', 0),
(102, '22078407', 2, 102, 12, 'There was a.', 9, '1995-10-23 15:46:34', 0),
(103, '90315282', 3, 103, 13, 'I needn\'t be.', 5, '1992-01-09 05:12:11', 0),
(104, '67715749', 4, 104, 14, 'PLEASE mind.', 7, '1996-11-23 15:17:03', 0),
(105, '68861339', 5, 105, 15, 'Alice began.', 5, '1986-01-11 12:12:49', 0),
(106, '21396502', 6, 106, 16, 'Queen, \'and.', 8, '2015-06-21 13:51:22', 0),
(107, '46528278', 7, 107, 17, 'The.', 3, '2018-11-23 14:51:29', 0),
(108, '61173101', 8, 108, 18, 'The chief.', 4, '2010-02-20 18:35:54', 0),
(109, '40157696', 9, 109, 19, 'It did so.', 4, '1975-08-26 01:29:16', 0),
(110, '15465214', 10, 110, 20, 'Cat, as soon.', 3, '1971-05-02 07:39:32', 0),
(111, '15810939', 1, 111, 21, 'And the.', 1, '1991-07-01 16:07:01', 0),
(112, '79107730', 2, 112, 22, 'King. \'I.', 3, '2009-03-11 16:45:40', 0),
(113, '72890240', 3, 113, 23, 'I THINK I can.', 9, '1990-12-27 18:29:59', 0),
(114, '59170808', 4, 114, 24, 'But she.', 2, '2020-02-24 02:52:02', 0),
(115, '97104469', 5, 115, 25, 'How neatly.', 4, '1987-01-28 04:03:44', 0),
(116, '91937797', 6, 116, 26, 'Alice quite.', 1, '1990-02-07 11:37:35', 0),
(117, '35702405', 7, 117, 27, 'Alice, \'as.', 6, '1976-10-30 14:56:40', 0),
(118, '21856884', 8, 118, 28, 'Dormouse.', 1, '2013-07-11 04:24:48', 0),
(119, '39077950', 9, 119, 29, 'Mouse!\'.', 3, '1973-02-25 00:25:46', 0),
(120, '03836637', 10, 120, 30, 'CAN all that.', 6, '1993-02-26 04:18:17', 0),
(121, '19925127', 1, 121, 1, 'White Rabbit.', 2, '1986-03-01 12:23:52', 1),
(122, '54545212', 2, 122, 2, 'How the Owl.', 7, '1998-11-26 08:05:36', 0),
(123, '21092923', 3, 123, 3, 'No, there.', 1, '1982-04-15 21:32:34', 0),
(124, '71217666', 4, 124, 4, 'King. On this.', 4, '1999-05-24 03:10:20', 0),
(125, '14240638', 5, 125, 5, 'Bill\'s got.', 7, '1977-10-25 23:32:38', 0),
(126, '46565648', 6, 126, 6, 'Dormouse.', 7, '1988-04-13 16:12:01', 0),
(127, '59728955', 7, 127, 7, 'Fainting in.', 1, '1987-11-23 06:43:02', 0),
(128, '91570116', 8, 128, 8, 'I wonder?\'.', 6, '2010-07-06 15:37:42', 0),
(129, '04042501', 9, 129, 9, 'Alice. \'Oh,.', 9, '1987-05-28 23:31:39', 0),
(130, '79602600', 10, 130, 10, 'And she.', 7, '1995-04-22 01:29:38', 0),
(131, '25143188', 1, 131, 11, 'Caterpillar..', 7, '2000-06-08 20:51:45', 0),
(132, '00710701', 2, 132, 12, 'Next came the.', 10, '1980-04-07 20:35:23', 0),
(133, '01326208', 3, 133, 13, 'Alice.', 1, '1971-01-27 18:04:50', 0),
(134, '29105601', 4, 134, 14, 'Hatter. He.', 5, '1992-10-24 09:10:01', 0),
(135, '23678194', 5, 135, 15, 'Alice.', 8, '1971-11-04 05:42:42', 0),
(136, '49735833', 6, 136, 16, 'I think--\'.', 1, '1974-02-09 07:21:04', 0),
(137, '81360376', 7, 137, 17, 'She soon got.', 9, '2018-09-20 19:04:46', 0),
(138, '03093207', 8, 138, 18, 'I will tell.', 9, '1990-12-20 10:38:37', 0),
(139, '44190538', 9, 139, 19, 'Heads below!\'.', 2, '1998-09-07 01:49:01', 0),
(140, '45779169', 10, 140, 20, 'Queen\'s.', 2, '1975-06-21 01:37:04', 0),
(141, '03242995', 1, 141, 21, 'Alice caught.', 9, '1997-01-16 03:03:38', 0),
(142, '50820269', 2, 142, 22, 'Improve his.', 5, '2008-06-28 12:21:13', 0),
(143, '18301595', 3, 143, 23, 'However, she.', 9, '2003-01-12 06:55:26', 0),
(144, '00143486', 4, 144, 24, 'Alice said;.', 8, '1992-02-18 05:27:40', 0),
(145, '16446649', 5, 145, 25, 'Alice. \'Why?\'.', 2, '1979-07-15 08:59:29', 0),
(146, '50695034', 6, 146, 26, 'Pigeon had.', 10, '1973-04-25 13:51:34', 0),
(147, '43649648', 7, 147, 27, 'Rabbit.', 1, '1998-01-30 22:13:09', 0),
(148, '99316334', 8, 148, 28, 'Why, I.', 5, '1977-02-24 06:22:40', 0),
(149, '31887335', 9, 149, 29, 'What happened.', 8, '2000-02-28 07:53:48', 0),
(150, '88234144', 10, 150, 30, 'By the time.', 1, '2019-08-13 18:28:07', 0),
(151, '48872973', 1, 151, 1, 'March Hare.', 4, '2000-02-28 00:25:26', 0),
(152, '00364201', 2, 152, 2, 'Duchess, the.', 4, '1992-09-15 02:31:50', 0),
(153, '90974243', 3, 153, 3, 'The other.', 2, '1995-12-20 09:17:20', 0),
(154, '42918097', 4, 154, 4, 'Turtle sighed.', 10, '2014-05-06 15:51:36', 0),
(155, '91312013', 5, 155, 5, 'I\'ve.', 9, '1970-10-16 13:20:56', 0),
(156, '22149169', 6, 156, 6, 'Caterpillar,.', 3, '1976-06-20 18:48:29', 0),
(157, '25712346', 7, 157, 7, 'ARE OLD,.', 8, '1974-09-28 12:56:31', 0),
(158, '48385480', 8, 158, 8, 'Alice, very.', 5, '1988-05-18 21:29:34', 0),
(159, '65756294', 9, 159, 9, 'Alice had.', 6, '2007-03-27 08:16:55', 0),
(160, '16218024', 10, 160, 10, 'Duchess was.', 9, '1992-10-28 00:46:49', 0),
(161, '29992812', 1, 161, 11, 'Alice said to.', 1, '2002-09-10 07:55:00', 0),
(162, '15290885', 2, 162, 12, 'Alice could.', 8, '1997-07-31 23:27:17', 0),
(163, '88301570', 3, 163, 13, 'Turtle sighed.', 7, '1991-04-12 07:30:18', 0),
(164, '41852651', 4, 164, 14, 'I\'m mad..', 6, '2016-01-25 10:30:12', 0),
(165, '40842295', 5, 165, 15, 'Dormouse,\'.', 7, '1989-12-04 01:52:34', 0),
(166, '38823824', 6, 166, 16, 'THAT like?\'.', 5, '2003-06-07 22:28:59', 0),
(167, '26766232', 7, 167, 17, 'DON\'T know,\'.', 8, '1989-05-21 07:59:35', 0),
(168, '88212692', 8, 168, 18, 'Ugh,.', 1, '2017-03-19 14:32:59', 0),
(169, '77052261', 9, 169, 19, 'Lobster.', 6, '2011-01-23 06:17:26', 0),
(170, '45796807', 10, 170, 20, 'VERY nearly.', 10, '1970-09-12 05:24:16', 0),
(171, '65409107', 1, 171, 21, 'This was such.', 1, '1995-05-14 09:49:44', 0),
(172, '46012814', 2, 172, 22, 'Majesty must.', 1, '1998-05-31 18:11:24', 0),
(173, '92074415', 3, 173, 23, 'Alice had no.', 1, '2004-03-17 07:25:24', 0),
(174, '81962228', 4, 174, 24, 'THE KING AND.', 10, '1982-11-06 20:59:39', 0),
(175, '43017638', 5, 175, 25, 'I\'m sure _I_.', 6, '1997-01-27 08:44:00', 0),
(176, '87266245', 6, 176, 26, 'Alice thought.', 5, '2013-06-26 09:32:33', 0),
(177, '38085499', 7, 177, 27, 'Cat remarked..', 2, '2001-10-25 07:46:49', 0),
(178, '31417051', 8, 178, 28, 'ME\'.', 2, '2015-02-18 01:01:22', 0),
(179, '70571806', 9, 179, 29, 'March Hare.', 1, '2011-08-24 20:32:49', 0),
(180, '64632179', 10, 180, 30, 'I\'ve often.', 10, '1982-12-01 05:16:18', 0),
(181, '17468749', 1, 181, 1, 'Suppress him!.', 7, '1984-11-08 21:26:12', 0),
(182, '06299583', 2, 182, 2, 'Pool of Tears.', 8, '2002-03-07 19:24:15', 0),
(183, '85749733', 3, 183, 3, 'Latin.', 5, '2007-04-08 04:23:32', 0),
(184, '62026871', 4, 184, 4, 'Lizard in.', 3, '1988-06-09 06:53:57', 0),
(185, '75846527', 5, 185, 5, 'Alice replied.', 4, '1971-07-13 12:23:50', 0),
(186, '92738652', 6, 186, 6, 'Duchess! The.', 5, '1999-05-06 22:48:30', 0),
(187, '58529188', 7, 187, 7, 'However, this.', 7, '1988-05-15 01:58:59', 0),
(188, '44968892', 8, 188, 8, 'King. \'It.', 3, '1973-05-14 12:22:01', 0),
(189, '82727796', 9, 189, 9, 'Alice quite.', 7, '1974-11-13 18:12:47', 0),
(190, '30432000', 10, 190, 10, 'Very soon the.', 4, '2020-01-27 15:40:30', 0),
(191, '99164713', 1, 191, 11, 'Gryphon, the.', 10, '1999-01-22 06:44:16', 0),
(192, '08130822', 2, 192, 12, 'She was.', 9, '1973-07-26 06:59:00', 0),
(193, '85727915', 3, 193, 13, 'Queen will.', 9, '1995-03-13 21:37:20', 0),
(194, '81100507', 4, 194, 14, 'Alice, and.', 6, '2017-09-18 19:35:01', 0),
(195, '39188540', 5, 195, 15, 'FIT you,\'.', 10, '2005-08-17 20:06:56', 0),
(196, '15061430', 6, 196, 16, 'First,.', 10, '1984-12-29 07:01:28', 0),
(197, '19974552', 7, 197, 17, 'Dormouse into.', 4, '2014-07-31 23:17:15', 0),
(198, '85127074', 8, 198, 18, 'I\'d only been.', 6, '1990-02-05 16:39:25', 0),
(199, '16341470', 9, 199, 19, 'They all sat.', 3, '1993-11-17 05:18:16', 0),
(200, '76697173', 10, 200, 20, 'King eagerly,.', 7, '1976-02-15 15:06:46', 0),
(201, '04533580', 1, 1, 21, 'Alice; \'you.', 3, '1984-08-09 07:18:36', 0),
(202, '88683454', 2, 2, 22, 'Gryphon, and.', 7, '1998-11-10 21:48:06', 0),
(203, '37647698', 3, 3, 23, 'However, on.', 4, '1985-09-02 20:20:25', 0),
(204, '24504904', 4, 4, 24, 'And the.', 8, '1983-03-01 07:12:10', 0),
(205, '71572109', 5, 5, 25, 'Mary Ann, and.', 2, '2015-04-28 07:43:20', 0),
(206, '20074517', 6, 6, 26, 'I shall.', 8, '2013-12-19 18:31:02', 0),
(207, '96445334', 7, 7, 27, 'Alice after.', 11, '1974-11-12 00:28:20', 0),
(208, '72660874', 8, 8, 28, 'Alice the.', 3, '2002-11-29 22:50:17', 0),
(209, '55209984', 9, 9, 29, 'But do cats.', 6, '1975-04-24 10:24:07', 0),
(210, '66541608', 10, 10, 30, 'CHAPTER II..', 8, '2007-04-15 16:53:12', 0),
(211, '14176258', 1, 11, 1, 'There were.', 1, '1970-02-17 16:33:11', 0),
(212, '60102386', 2, 12, 2, 'However, this.', 4, '2009-11-15 13:20:02', 0),
(213, '10497296', 3, 13, 3, 'Alice with.', 9, '1976-05-05 22:18:21', 0),
(214, '11983873', 4, 14, 4, 'Alice as he.', 9, '2018-06-18 20:26:23', 0),
(215, '98541591', 5, 15, 5, 'I had our.', 2, '1981-11-14 05:40:29', 0),
(216, '64003580', 6, 16, 6, 'For instance,.', 9, '1998-06-08 02:40:23', 0),
(217, '80355557', 7, 17, 7, 'Duchess: \'and.', 5, '2009-10-09 07:31:38', 0),
(218, '34203576', 8, 18, 8, 'A large.', 7, '2011-04-10 22:48:27', 0),
(219, '89955116', 9, 19, 9, 'Pigeon; \'but.', 5, '1981-06-18 00:08:50', 0),
(220, '49868395', 10, 20, 10, 'The Queen\'s.', 10, '1978-04-20 23:45:36', 0),
(221, '53208859', 1, 21, 11, 'Duchess,.', 3, '1983-05-31 16:21:41', 0),
(222, '55988032', 2, 22, 12, 'FIT you,\'.', 4, '1990-01-19 05:17:11', 0),
(223, '02308067', 3, 23, 13, 'FIT you,\'.', 4, '2001-11-04 08:01:20', 0),
(224, '61180000', 4, 24, 14, 'I only wish.', 9, '1998-09-23 14:29:24', 0),
(225, '89966419', 5, 25, 15, 'In another.', 3, '1989-10-15 08:45:43', 0),
(226, '92965607', 6, 26, 16, 'WOULD not.', 3, '2010-01-18 21:07:16', 0),
(227, '07575693', 7, 27, 17, 'HE taught us.', 8, '2013-09-27 08:20:20', 0),
(228, '99623210', 8, 28, 18, 'So she began:.', 1, '2012-06-18 12:06:20', 0),
(229, '84777638', 9, 29, 19, 'Owl and the.', 10, '1986-11-23 01:05:27', 0),
(230, '58955024', 10, 30, 20, 'Rabbit coming.', 6, '1976-06-21 17:42:41', 0),
(231, '98340460', 1, 31, 21, 'I do hope.', 8, '1987-02-08 16:15:38', 0),
(232, '40253787', 2, 32, 22, 'White Rabbit.', 5, '2010-05-01 16:16:59', 0),
(233, '93854979', 3, 33, 23, 'Hardly.', 10, '2016-08-23 10:38:16', 0),
(234, '07258350', 4, 34, 24, 'YOUR.', 5, '1986-11-14 08:33:43', 0),
(235, '45474521', 5, 35, 25, 'He sent them.', 10, '2013-11-17 19:47:52', 0),
(236, '97135081', 6, 36, 26, 'Alice waited.', 1, '1985-05-04 22:55:23', 0),
(237, '14045332', 7, 37, 27, 'Pigeon; \'but.', 1, '1993-01-27 08:03:20', 0),
(238, '32137439', 8, 38, 28, 'White Rabbit.', 8, '1988-03-04 06:12:31', 0),
(239, '14972393', 9, 39, 29, 'Let me.', 3, '2000-07-28 04:33:11', 0),
(240, '48898553', 10, 40, 30, 'Alice.', 6, '2013-10-27 20:50:06', 0),
(241, '99482947', 1, 41, 1, 'I dare say.', 3, '1979-03-13 12:28:33', 0),
(242, '18112610', 2, 42, 2, 'At last the.', 4, '1993-01-01 15:23:43', 0),
(243, '71461298', 3, 43, 3, 'Alice. \'I\'m.', 4, '1991-01-25 18:08:51', 0),
(244, '53420725', 4, 44, 4, 'Majesty must.', 9, '2005-04-11 00:08:53', 0),
(245, '04975250', 5, 45, 5, 'Gryphon, and.', 10, '2018-04-29 11:07:25', 0),
(246, '94166927', 6, 46, 6, 'Dormouse..', 9, '2013-05-04 05:01:34', 0),
(247, '15054623', 7, 47, 7, 'She did it so.', 3, '1983-04-11 18:49:13', 0),
(248, '68126087', 8, 48, 8, 'Alice. One of.', 3, '1991-01-20 14:24:33', 0),
(249, '06840785', 9, 49, 9, 'I hadn\'t.', 1, '1996-05-27 15:52:15', 0),
(250, '74847105', 10, 50, 10, 'I think I may.', 10, '2005-03-05 23:44:14', 0),
(251, '49459043', 1, 51, 11, 'He moved on.', 9, '2000-07-10 11:35:57', 0),
(252, '50917099', 2, 52, 12, 'EVER happen.', 9, '1994-07-27 18:17:42', 0),
(253, '99783969', 3, 53, 13, 'However, on.', 4, '1995-05-02 08:30:10', 0),
(254, '21992292', 4, 54, 14, 'Beautiful,.', 6, '1990-12-10 05:11:24', 0),
(255, '52099403', 5, 55, 15, 'EVEN finish,.', 3, '1979-03-10 05:34:05', 0),
(256, '42058373', 6, 56, 16, 'Elsie, Lacie,.', 2, '1983-05-25 14:32:46', 0),
(257, '47017320', 7, 57, 17, 'Dormouse,\'.', 5, '2002-03-19 12:17:20', 0),
(258, '27667064', 8, 58, 18, 'Alice.', 4, '1973-05-23 08:35:03', 0),
(259, '35005476', 9, 59, 19, 'If she should.', 10, '2012-09-30 03:24:11', 0),
(260, '85296701', 10, 60, 20, 'Some of the.', 4, '1997-11-11 14:29:34', 0),
(261, '92288799', 1, 61, 21, 'It was so.', 10, '1993-03-15 02:41:30', 0),
(262, '41042939', 2, 62, 22, 'Who ever saw.', 9, '1997-04-28 15:45:44', 0),
(263, '66033837', 3, 63, 23, 'I shall fall.', 5, '1995-04-16 02:58:10', 0),
(264, '76889608', 4, 64, 24, 'So she stood.', 4, '1998-08-12 10:35:54', 0),
(265, '57680545', 5, 65, 25, 'I should.', 2, '1992-02-12 05:58:37', 0),
(266, '02873046', 6, 66, 26, 'Duchess said.', 10, '1981-07-08 18:39:58', 0),
(267, '27755679', 7, 67, 27, 'Alice, \'how.', 2, '1993-09-24 12:34:22', 0),
(268, '70919110', 8, 68, 28, 'I\'d been the.', 10, '1990-09-07 22:32:03', 0),
(269, '25677980', 9, 69, 29, 'Alice. \'Oh,.', 4, '2015-02-03 04:25:05', 0),
(270, '46606792', 10, 70, 30, 'Queen: so she.', 4, '1986-09-21 22:15:24', 0),
(271, '43509041', 1, 71, 1, 'Mock Turtle..', 4, '2011-09-30 15:19:40', 0),
(272, '06757281', 2, 72, 2, 'Duchess:.', 5, '1996-12-24 06:59:57', 0),
(273, '37154479', 3, 73, 3, 'However, it.', 9, '1981-10-26 10:58:18', 0),
(274, '82144395', 4, 74, 4, 'Caterpillar..', 5, '1980-02-15 16:19:13', 0),
(275, '74136254', 5, 75, 5, 'King, looking.', 7, '1976-08-02 08:10:35', 0),
(276, '14042751', 6, 76, 6, 'Queen, but.', 9, '1986-05-30 00:03:24', 0),
(277, '87935417', 7, 77, 7, 'I mentioned.', 8, '1984-10-16 09:52:17', 0),
(278, '61547018', 8, 78, 8, 'Bill\'s place.', 8, '1994-02-24 04:55:10', 0),
(279, '70942439', 9, 79, 9, 'So she set.', 3, '1999-11-30 11:51:36', 0),
(280, '86033466', 10, 80, 10, 'However, this.', 4, '2004-05-07 12:27:25', 0),
(281, '56742503', 1, 81, 11, 'The only.', 3, '1985-11-21 21:20:43', 0),
(282, '94105872', 2, 82, 12, 'Alice, quite.', 4, '1975-04-06 12:15:29', 0),
(283, '41611777', 3, 83, 13, 'Mock Turtle,.', 6, '2011-01-06 10:07:37', 0),
(284, '18115499', 4, 84, 14, 'Soup of the.', 8, '1972-08-19 04:25:38', 0),
(285, '85950931', 5, 85, 15, 'Queen, who.', 10, '1980-03-26 13:24:05', 0),
(286, '51625603', 6, 86, 16, 'LITTLE.', 1, '1988-02-12 18:13:07', 0),
(287, '56946833', 7, 87, 17, 'Then followed.', 10, '1997-04-21 10:17:16', 0),
(288, '25862126', 8, 88, 18, 'Time, and.', 8, '2015-02-10 16:06:54', 0),
(289, '72417072', 9, 89, 19, 'Alice.', 4, '1996-04-28 13:09:29', 0),
(290, '44934323', 10, 90, 20, 'Dormouse into.', 4, '1970-06-25 16:12:48', 0),
(291, '62186476', 1, 91, 21, 'IN the well,\'.', 4, '1985-06-23 22:29:13', 0),
(292, '03594810', 2, 92, 22, 'Alice more.', 3, '1978-02-06 14:25:31', 0),
(293, '18051926', 3, 93, 23, 'Alice! when.', 3, '1980-01-27 15:24:15', 0),
(294, '19898650', 4, 94, 24, 'Hatter. \'Does.', 8, '1981-09-30 11:36:10', 0),
(295, '55137096', 5, 95, 25, 'I breathe\"!\'.', 10, '1975-11-14 16:30:40', 0),
(296, '22921635', 6, 96, 26, 'An obstacle.', 7, '1983-08-11 23:24:44', 0),
(297, '01266658', 7, 97, 27, 'King hastily.', 2, '1994-12-21 22:17:57', 0),
(298, '81964680', 8, 98, 28, 'Alice. \'Well,.', 3, '1972-12-03 02:11:45', 0),
(299, '76583384', 9, 99, 29, 'I am very.', 5, '2003-10-25 17:49:49', 0),
(300, '58868447', 10, 100, 30, 'IN the well,\'.', 6, '1996-02-03 14:01:26', 0),
(301, '30947016', 1, 101, 1, 'The Dormouse.', 9, '2009-02-28 02:44:30', 0),
(302, '34556382', 2, 102, 2, 'Alice.', 7, '2007-01-19 08:32:56', 0),
(303, '06705596', 3, 103, 3, 'I didn\'t!\'.', 1, '2006-05-05 18:14:59', 0),
(304, '07895654', 4, 104, 4, 'So they.', 10, '2019-10-20 15:40:56', 0),
(305, '28406815', 5, 105, 5, 'Alice, \'it.', 4, '2014-01-31 17:36:21', 0),
(306, '63800562', 6, 106, 6, 'I\'LL soon.', 7, '1992-06-16 09:24:55', 0),
(307, '22733764', 7, 107, 7, 'Alice for.', 8, '1980-11-26 19:50:09', 0),
(308, '80358572', 8, 108, 8, 'They had not.', 10, '2001-08-01 00:41:46', 0),
(309, '55307437', 9, 109, 9, 'Alice.', 8, '1984-05-18 16:32:29', 0),
(310, '93143769', 10, 110, 10, 'Dormouse:.', 2, '1986-07-29 12:33:51', 0),
(311, '02537269', 1, 111, 11, 'There was a.', 9, '1980-09-03 11:13:30', 0),
(312, '47294806', 2, 112, 12, 'On which.', 8, '1970-02-21 06:15:31', 0),
(313, '72570203', 3, 113, 13, 'Alice, and,.', 2, '1986-04-26 15:43:50', 0),
(314, '31375320', 4, 114, 14, 'Cat, as soon.', 4, '1978-04-16 05:26:42', 0),
(315, '89108321', 5, 115, 15, 'First, she.', 10, '2015-12-24 10:06:14', 0),
(316, '11265535', 6, 116, 16, 'Duchess, the.', 5, '1998-03-23 14:52:53', 0),
(317, '92095496', 7, 117, 17, 'He says it.', 5, '2018-12-07 10:19:44', 0),
(318, '53700902', 8, 118, 18, 'King, \'that.', 3, '1978-09-25 01:31:21', 0),
(319, '37633318', 9, 119, 19, 'Dormouse, not.', 10, '1989-09-28 01:06:59', 0),
(320, '52606120', 10, 120, 20, 'There was a.', 1, '1995-06-15 08:57:33', 0),
(321, '48580649', 1, 121, 21, 'Alice,.', 8, '2000-03-05 11:37:22', 0),
(322, '26437040', 2, 122, 22, 'King repeated.', 10, '1977-09-29 08:37:15', 0),
(323, '39009920', 3, 123, 23, 'Alice was not.', 4, '1977-11-30 00:01:28', 0),
(324, '92608467', 4, 124, 24, 'Alice.', 7, '1983-04-25 04:48:54', 0),
(325, '84110596', 5, 125, 25, 'Alice, a.', 4, '1991-07-28 21:07:28', 0),
(326, '81012114', 6, 126, 26, 'So she stood.', 4, '1980-02-01 21:51:21', 0),
(327, '63622669', 7, 127, 27, 'Alice could.', 7, '1988-06-24 02:48:59', 0),
(328, '32859867', 8, 128, 28, 'Cat, and.', 6, '1996-04-14 08:56:37', 0),
(329, '44459253', 9, 129, 29, 'Caterpillar.', 5, '2019-03-05 22:55:48', 0),
(330, '06652241', 10, 130, 30, 'Very soon the.', 5, '1972-01-15 01:54:24', 0),
(331, '76778995', 1, 131, 1, 'Quick, now!\'.', 7, '2018-04-11 09:32:03', 0),
(332, '69473197', 2, 132, 2, 'I used to.', 8, '1992-06-09 11:50:11', 0),
(333, '28443858', 3, 133, 3, 'Alice, \'when.', 2, '2018-08-05 00:52:38', 0),
(334, '44137205', 4, 134, 4, 'SHE, of.', 7, '2014-08-07 07:27:56', 0),
(335, '17071727', 5, 135, 5, 'Alice thought.', 2, '2004-01-18 14:51:55', 0),
(336, '52870187', 6, 136, 6, 'Alice gently.', 8, '1989-11-15 11:57:45', 0),
(337, '10175613', 7, 137, 7, 'Alice was.', 7, '1992-07-18 10:14:33', 0),
(338, '96428689', 8, 138, 8, 'Improve his.', 10, '2018-12-29 04:24:32', 0),
(339, '86174855', 9, 139, 9, 'Mock Turtle\'s.', 2, '1995-01-31 02:07:12', 0),
(340, '85711730', 10, 140, 10, 'I should like.', 6, '2002-05-02 20:39:51', 0),
(341, '12874156', 1, 141, 11, 'I COULD NOT.', 10, '1995-09-06 22:28:55', 0),
(342, '52987458', 2, 142, 12, 'King, rubbing.', 4, '1989-09-24 06:37:07', 0),
(343, '15834409', 3, 143, 13, 'Dormouse, who.', 10, '1989-06-08 07:47:02', 0),
(344, '03530016', 4, 144, 14, 'Pigeon. \'I\'m.', 9, '2018-07-21 08:23:02', 0),
(345, '12506408', 5, 145, 15, 'Alice went on.', 2, '2019-08-21 22:09:53', 0),
(346, '53862099', 6, 146, 16, 'Queen. \'Their.', 2, '1999-12-11 20:08:52', 0),
(347, '05262267', 7, 147, 17, 'There was a.', 1, '1976-06-06 09:35:58', 0),
(348, '73484219', 8, 148, 18, 'Father.', 3, '1979-08-27 03:41:40', 0),
(349, '18291452', 9, 149, 19, 'I beg your.', 4, '2018-05-12 12:56:48', 0),
(350, '83958199', 10, 150, 20, 'Pigeon. \'I\'m.', 2, '1971-05-06 05:54:26', 0),
(351, '29182534', 1, 151, 21, 'King. Here.', 10, '2008-08-14 09:10:23', 0),
(352, '74301232', 2, 152, 22, 'And mentioned.', 10, '1992-06-08 19:27:59', 0),
(353, '51389895', 3, 153, 23, 'You gave us.', 6, '2009-12-21 14:16:04', 0),
(354, '91224071', 4, 154, 24, 'There were.', 9, '1989-12-27 12:29:03', 0),
(355, '74376551', 5, 155, 25, 'I only wish.', 2, '1988-05-18 17:15:58', 0),
(356, '19782171', 6, 156, 26, 'I eat\" is the.', 4, '2003-02-20 21:47:48', 0),
(357, '28879633', 7, 157, 27, 'King. On this.', 1, '1999-01-01 12:57:34', 0),
(358, '27038055', 8, 158, 28, 'Rabbit was no.', 6, '2020-05-06 05:23:43', 0),
(359, '49796308', 9, 159, 29, 'Hatter. \'You.', 2, '2010-01-05 18:37:38', 0),
(360, '35993100', 10, 160, 30, 'ARE OLD,.', 3, '1993-08-08 23:46:35', 0),
(361, '64159676', 1, 161, 1, 'Take your.', 2, '1989-07-17 23:56:58', 0),
(362, '87211016', 2, 162, 2, 'Alice replied.', 8, '1983-03-03 13:09:49', 0),
(363, '45000829', 3, 163, 3, 'I suppose.\'.', 6, '1982-09-11 05:19:51', 0),
(364, '42566786', 4, 164, 4, 'Rabbit just.', 8, '1992-05-29 11:47:41', 0),
(365, '40551951', 5, 165, 5, 'She did not.', 9, '2010-12-08 01:54:55', 0),
(366, '84798350', 6, 166, 6, 'CHAPTER VIII..', 5, '2013-02-17 00:20:26', 0),
(367, '10816455', 7, 167, 7, 'Duchess; \'and.', 6, '1987-10-07 19:43:20', 0),
(368, '84395382', 8, 168, 8, 'ME\'.', 2, '1991-08-08 14:47:57', 0),
(369, '22072382', 9, 169, 9, 'I have.', 10, '1978-07-09 09:48:57', 0),
(370, '14461996', 10, 170, 10, 'Hatter, \'you.', 1, '2020-03-12 08:50:22', 0),
(371, '02374956', 1, 171, 11, 'ME,\' said.', 9, '1976-04-13 09:25:35', 0),
(372, '05991891', 2, 172, 12, 'I begin,.', 7, '2014-07-20 09:59:52', 0),
(373, '66917472', 3, 173, 13, 'A secret,.', 2, '2014-01-30 18:41:15', 0),
(374, '63705317', 4, 174, 14, 'I have to.', 8, '1994-02-15 20:38:57', 0),
(375, '15092380', 5, 175, 15, 'So they.', 3, '2001-09-08 03:25:10', 0),
(376, '22953483', 6, 176, 16, 'Alice. \'I\'m.', 9, '2001-06-10 23:25:52', 0),
(377, '08717368', 7, 177, 17, 'Duchess:.', 2, '1994-10-31 11:45:07', 0),
(378, '75944223', 8, 178, 18, 'LITTLE.', 5, '1994-01-17 00:52:37', 0),
(379, '27526941', 9, 179, 19, 'Rabbit.', 5, '2010-10-04 23:10:56', 0),
(380, '30448483', 10, 180, 20, 'Alice, very.', 1, '2014-11-08 14:41:49', 0),
(381, '85660618', 1, 181, 21, 'Alice, a good.', 10, '1996-04-04 18:05:19', 0),
(382, '51923037', 2, 182, 22, 'After a while.', 7, '1988-08-30 03:40:10', 0),
(383, '20857103', 3, 183, 23, 'YOU?\' said.', 3, '2008-12-15 01:04:35', 0),
(384, '29342938', 4, 184, 24, 'CAN all that.', 6, '1974-12-18 12:24:11', 0),
(385, '39350527', 5, 185, 25, 'Gryphon..', 2, '1994-03-03 22:34:09', 0),
(386, '68527617', 6, 186, 26, 'Duchess, who.', 2, '2002-04-22 23:05:49', 0),
(387, '72389256', 7, 187, 27, 'THAT.', 4, '1995-01-01 10:53:03', 0),
(388, '45416798', 8, 188, 28, 'BEST butter,\'.', 10, '2000-11-02 15:28:50', 0),
(389, '61350953', 9, 189, 29, 'Would not,.', 6, '2005-08-30 12:15:23', 0),
(390, '66880820', 10, 190, 30, 'She went in.', 2, '1988-12-21 01:01:30', 0),
(391, '92300026', 1, 191, 1, 'Alice to.', 10, '1970-07-31 12:28:02', 0),
(392, '63384284', 2, 192, 2, 'Alice said;.', 8, '1987-10-21 20:57:57', 0),
(393, '27805190', 3, 193, 3, 'Father.', 6, '1978-02-10 21:22:00', 0),
(394, '38528101', 4, 194, 4, 'Allow me to.', 10, '1982-04-24 05:58:28', 0),
(395, '38083150', 5, 195, 5, 'I know is,.', 6, '1986-11-02 03:58:18', 0),
(396, '56334357', 6, 196, 6, 'Mock Turtle..', 19, '1974-10-31 10:04:32', 0),
(397, '61159006', 7, 197, 7, 'Bill! catch.', 4, '1982-07-03 03:47:15', 0),
(398, '95726526', 8, 198, 8, 'Mock Turtle.', 9, '1978-02-07 14:44:50', 0),
(399, '08152121', 9, 199, 9, 'Mouse,.', 1, '1988-12-09 08:34:44', 0),
(400, '86936132', 10, 200, 10, 'Those whom.', 2, '1994-12-20 03:29:00', 0),
(401, '04555735', 1, 1, 11, 'Morcar, the.', 2, '2010-02-18 17:18:05', 0),
(402, '86355698', 2, 2, 12, 'Let this be a.', 7, '2001-06-15 01:18:59', 0),
(403, '25334845', 3, 3, 13, '.', 8, '1983-06-19 06:50:29', 0),
(404, '78607002', 4, 4, 14, 'Alice, \'and.', 9, '1977-05-22 11:13:50', 0),
(405, '25182392', 5, 5, 15, 'I want to go!.', 7, '2011-09-09 14:44:04', 0),
(406, '81896363', 6, 6, 16, 'Alice, so.', 8, '1997-01-02 14:24:25', 0),
(407, '85944305', 7, 7, 17, 'THE.', 2, '1983-11-25 16:34:56', 0),
(408, '45307676', 8, 8, 18, 'Gryphon..', 10, '1987-09-15 08:25:53', 0),
(409, '00443241', 9, 9, 19, 'There was no.', 6, '1975-02-01 09:42:36', 0),
(410, '67776214', 10, 10, 20, 'What happened.', 3, '2003-06-18 00:54:23', 0),
(411, '24918565', 1, 11, 21, 'I suppose, by.', 3, '2015-09-17 22:41:50', 0),
(412, '45293856', 2, 12, 22, 'Mock Turtle.', 9, '2012-01-31 06:34:19', 0),
(413, '75129736', 3, 13, 23, 'Alice to.', 1, '1987-01-17 21:53:42', 0),
(414, '57966403', 4, 14, 24, 'I find a.', 2, '2006-06-30 12:11:07', 0),
(415, '43786565', 5, 15, 25, 'Alice, and.', 3, '1973-12-02 17:51:42', 0),
(416, '62469524', 6, 16, 26, 'Oh dear! I\'d.', 10, '2011-06-06 05:18:42', 0),
(417, '17045018', 7, 17, 27, 'THEN--she.', 1, '1981-04-04 18:34:20', 0),
(418, '52505171', 8, 18, 28, 'March Hare:.', 8, '2008-08-08 07:12:53', 0),
(419, '49422764', 9, 19, 29, 'I think.\' And.', 10, '2009-11-18 04:06:42', 0),
(420, '63917628', 10, 20, 30, 'Alice, \'to.', 6, '1987-12-06 15:40:16', 0),
(421, '62350549', 1, 21, 1, 'Dinah, if I.', 5, '1999-02-19 13:43:07', 0),
(422, '19540009', 2, 22, 2, 'Alice felt a.', 10, '2013-08-15 16:11:36', 0),
(423, '24548786', 3, 23, 3, 'Alice was too.', 3, '2002-07-01 23:41:48', 0),
(424, '48637503', 4, 24, 4, 'Dinah, tell.', 2, '1981-01-31 10:37:09', 0),
(425, '70735147', 5, 25, 5, 'Rabbit\'s.', 4, '2006-03-31 10:31:07', 0),
(426, '90228186', 6, 26, 6, 'He looked at.', 4, '1977-04-05 07:01:19', 0),
(427, '01530513', 7, 27, 7, 'I\'d hardly.', 5, '1977-05-11 00:37:19', 0),
(428, '79645843', 8, 28, 8, 'Mabel! I\'ll.', 6, '1981-10-28 13:12:11', 0),
(429, '44996154', 9, 29, 9, 'VERY nearly.', 7, '1974-07-27 07:16:35', 0),
(430, '86210225', 10, 30, 10, 'Mock Turtle..', 8, '2012-07-23 03:03:31', 0),
(431, '73188780', 1, 31, 11, 'I\'ll manage.', 2, '2001-03-10 08:46:40', 0),
(432, '82193072', 2, 32, 12, 'The Cat.', 4, '1983-02-04 07:19:27', 0),
(433, '72117934', 3, 33, 13, 'Duck: \'it\'s.', 2, '2014-10-14 13:52:10', 0),
(434, '05577286', 4, 34, 14, 'March Hare:.', 8, '1971-10-05 10:03:41', 0),
(435, '48415439', 5, 35, 15, 'Alice, that.', 9, '1990-03-11 04:57:49', 0),
(436, '55784603', 6, 36, 16, 'Mock Turtle,.', 8, '1990-04-03 17:20:20', 0),
(437, '91686459', 7, 37, 17, 'March Hare.', 2, '1982-12-17 14:23:40', 0),
(438, '65545102', 8, 38, 18, 'Indeed, she.', 5, '1972-12-11 22:10:35', 0),
(439, '71027807', 9, 39, 19, 'Dodo.', 8, '2018-04-28 10:29:56', 0),
(440, '60503602', 10, 40, 20, 'The players.', 8, '2001-05-19 04:32:21', 0),
(441, '80758402', 1, 41, 21, 'She said this.', 8, '1981-09-09 06:39:35', 0),
(442, '33982861', 2, 42, 22, 'Mock Turtle,.', 7, '2008-01-07 10:22:42', 0),
(443, '12466702', 3, 43, 23, 'I never.', 2, '1990-06-18 03:29:28', 0),
(444, '54234833', 4, 44, 24, 'She felt very.', 5, '1978-06-24 20:21:01', 0),
(445, '87626865', 5, 45, 25, 'Pigeon in a.', 7, '1991-02-13 02:01:54', 0),
(446, '28527862', 6, 46, 26, 'Alice\'s elbow.', 2, '1996-07-29 01:52:19', 0),
(447, '42784524', 7, 47, 27, 'For anything.', 7, '1976-01-21 17:25:25', 0),
(448, '61213982', 8, 48, 28, 'This time.', 3, '1975-04-03 03:20:48', 0),
(449, '72639801', 9, 49, 29, 'The Queen.', 9, '2004-05-22 05:10:35', 0),
(450, '54639775', 10, 50, 30, 'Hatter, who.', 10, '1975-05-27 14:15:04', 0),
(451, '23517660', 1, 51, 1, 'She was.', 4, '2015-01-28 08:58:08', 0),
(452, '41565544', 2, 52, 2, 'It was opened.', 8, '1988-02-19 12:19:14', 0),
(453, '07370854', 3, 53, 3, 'Besides,.', 3, '2020-02-06 12:38:09', 0),
(454, '68081676', 4, 54, 4, 'Cat again,.', 4, '2008-06-19 10:56:00', 0),
(455, '83391064', 5, 55, 5, 'King, going.', 7, '1982-08-19 20:18:18', 0),
(456, '00268905', 6, 56, 6, 'Alice, as she.', 5, '1992-11-20 02:46:51', 0),
(457, '88702506', 7, 57, 7, 'YET,\' she.', 10, '1986-09-30 05:14:21', 0),
(458, '06363611', 8, 58, 8, 'I\'m mad?\'.', 5, '1993-06-12 02:14:18', 0),
(459, '70796612', 9, 59, 9, 'Alice thought.', 2, '2010-04-21 14:34:10', 0),
(460, '60767585', 10, 60, 10, 'Duchess, the.', 1, '2001-08-28 22:03:36', 0),
(461, '89881330', 1, 61, 11, 'So they got.', 10, '1993-12-09 18:29:36', 0),
(462, '25921083', 2, 62, 12, 'Our family.', 1, '2001-07-05 14:07:25', 0),
(463, '87005585', 3, 63, 13, 'Cat; and this.', 10, '2003-12-13 16:23:48', 0),
(464, '25623857', 4, 64, 14, 'The moment.', 4, '1979-11-01 23:06:48', 0),
(465, '45415067', 5, 65, 15, 'Alice.', 3, '1993-01-24 01:24:21', 0),
(466, '53583543', 6, 66, 16, 'Grammar, \'A.', 7, '1997-11-11 03:23:45', 0),
(467, '49530063', 7, 67, 17, 'Hatter said,.', 1, '2016-07-11 15:04:26', 0),
(468, '09871205', 8, 68, 18, 'Mock Turtle..', 2, '1990-07-21 13:09:28', 0),
(469, '14281303', 9, 69, 19, 'It was opened.', 10, '1977-04-28 18:38:40', 0),
(470, '14903540', 10, 70, 20, 'No, it\'ll.', 9, '1973-01-21 09:29:35', 0),
(471, '96803219', 1, 71, 21, 'Alice very.', 8, '1992-09-18 18:20:01', 0),
(472, '42929307', 2, 72, 22, 'Next came the.', 2, '2019-04-28 23:28:52', 0),
(473, '84436627', 3, 73, 23, 'Mock Turtle..', 3, '1992-08-09 23:45:13', 0),
(474, '70034769', 4, 74, 24, 'I am now?.', 9, '2000-02-28 19:56:34', 0),
(475, '78229716', 5, 75, 25, 'Caterpillar;.', 6, '2015-08-02 19:06:24', 0),
(476, '92676282', 6, 76, 26, 'I almost wish.', 4, '1984-10-04 17:01:41', 0),
(477, '99695606', 7, 77, 27, 'There was no.', 10, '2008-03-11 12:02:54', 0),
(478, '14758805', 8, 78, 28, 'MINE,\' said.', 10, '1976-12-27 11:21:23', 0),
(479, '15760258', 9, 79, 29, 'I suppose.', 9, '2019-07-13 14:11:25', 0),
(480, '06786748', 10, 80, 30, 'Alice,.', 3, '2012-11-30 22:17:38', 0),
(481, '92374560', 1, 81, 1, 'March Hare.', 7, '2019-11-21 02:23:51', 0),
(482, '95941493', 2, 82, 2, 'CHAPTER VIII..', 6, '2011-04-24 02:36:54', 0),
(483, '59933755', 3, 83, 3, 'Hatter added.', 3, '1981-06-22 09:35:41', 0),
(484, '00556125', 4, 84, 4, 'Alice)--\'and.', 5, '1970-07-21 10:05:01', 0),
(485, '58140659', 5, 85, 5, 'As soon as.', 7, '1981-07-05 18:49:54', 0),
(486, '30906952', 6, 86, 6, 'Alice gently.', 8, '2010-10-19 20:10:28', 0),
(487, '44699437', 7, 87, 7, 'Bill! catch.', 5, '2008-04-11 00:28:40', 0),
(488, '97195955', 8, 88, 8, 'Caterpillar,.', 5, '1979-07-25 01:05:15', 0),
(489, '85629288', 9, 89, 9, 'King. The.', 8, '2009-12-19 10:42:15', 0),
(490, '69622403', 10, 90, 10, 'Alice waited.', 5, '1980-04-26 05:16:34', 0),
(491, '37995126', 1, 91, 11, 'Duchess; \'and.', 3, '2016-03-22 05:29:22', 0),
(492, '52890833', 2, 92, 12, 'I COULD NOT.', 4, '2003-06-29 07:06:24', 0),
(493, '30130968', 3, 93, 13, 'Pigeon in a.', 9, '1983-10-06 14:29:03', 0),
(494, '11636861', 4, 94, 14, 'It was so.', 4, '2019-02-28 07:39:28', 0),
(495, '03787908', 5, 95, 15, 'But the snail.', 8, '1992-06-25 08:34:31', 0),
(496, '26968612', 6, 96, 16, 'Alice thought.', 2, '1977-09-18 16:04:44', 0),
(497, '24337120', 7, 97, 17, 'Shakespeare,.', 8, '1991-09-14 02:43:22', 0),
(498, '84480255', 8, 98, 18, 'Caterpillar,.', 1, '2000-07-13 00:27:53', 0),
(499, '29635948', 9, 99, 19, 'Alice thought.', 10, '2015-07-20 15:40:40', 0),
(500, '40783345', 10, 100, 20, 'HIS time of.', 10, '1983-11-11 19:07:24', 0),
(501, '33759029', 1, 101, 21, 'Alice. \'Only.', 9, '1977-04-22 06:31:09', 0),
(502, '98634569', 2, 102, 22, 'Hatter was.', 1, '2013-01-18 06:21:02', 0),
(503, '21499159', 3, 103, 23, 'This time.', 7, '2010-07-09 04:47:34', 0),
(504, '82922504', 4, 104, 24, 'Come on!\'.', 9, '1976-08-21 17:09:44', 0),
(505, '75147174', 5, 105, 25, 'Bill, the.', 5, '2015-10-11 11:02:49', 0),
(506, '71440705', 6, 106, 26, 'I should.', 10, '1995-07-13 12:13:20', 0),
(507, '49186956', 7, 107, 27, 'WOULD put.', 6, '2004-05-17 12:47:50', 0),
(508, '14793882', 8, 108, 28, 'Alice again,.', 5, '2007-04-16 21:11:09', 0),
(509, '12045976', 9, 109, 29, 'Duchess.', 2, '2015-07-19 19:32:00', 0),
(510, '69011634', 10, 110, 30, 'Gryphon, the.', 2, '2000-07-09 22:18:54', 0),
(511, '07366444', 1, 111, 1, 'Alice, \'to.', 4, '2011-01-01 00:44:48', 0),
(512, '47493964', 2, 112, 2, 'Mock Turtle.', 3, '2001-06-06 08:19:31', 0),
(513, '08774958', 3, 113, 3, 'I\'ll get into.', 9, '2002-05-10 10:19:31', 0),
(514, '19804545', 4, 114, 4, 'Alice looked.', 4, '1982-04-25 14:04:42', 0),
(515, '49696691', 5, 115, 5, 'ME,\' said.', 8, '1988-01-07 00:31:48', 0),
(516, '35476146', 6, 116, 6, 'Alice thought.', 4, '1984-03-19 03:11:54', 0),
(517, '02243658', 7, 117, 7, 'The.', 5, '2000-01-05 11:43:46', 0),
(518, '06051419', 8, 118, 8, 'The Dormouse.', 7, '2001-11-03 14:04:49', 0),
(519, '84189394', 9, 119, 9, 'Caterpillar..', 1, '2014-05-26 06:49:35', 0),
(520, '95760353', 10, 120, 10, 'I hadn\'t to.', 1, '2013-11-14 04:55:48', 0),
(521, '21959288', 1, 121, 11, 'Lobster.', 6, '1975-10-31 11:44:05', 0),
(522, '64290614', 2, 122, 12, 'YOU with.', 1, '1996-12-30 12:21:49', 0),
(523, '08309860', 3, 123, 13, 'As there.', 10, '1982-04-20 23:28:16', 0),
(524, '19906935', 4, 124, 14, 'However, it.', 9, '1981-05-29 19:06:30', 0),
(525, '02892450', 5, 125, 15, 'Still she.', 7, '1997-09-30 02:12:41', 0),
(526, '93137447', 6, 126, 16, 'Alice,) and.', 5, '1970-07-25 14:22:08', 0),
(527, '60782502', 7, 127, 17, 'She felt very.', 10, '1991-06-04 15:17:04', 0),
(528, '17429931', 8, 128, 18, 'Alice.', 6, '1986-03-03 17:11:18', 0),
(529, '71359519', 9, 129, 19, 'Gryphon: \'I.', 8, '2012-09-06 11:57:37', 0),
(530, '00145152', 10, 130, 20, 'Alice. \'You.', 8, '1978-04-28 07:33:09', 0),
(531, '82383572', 1, 131, 21, 'I never.', 3, '1995-04-30 02:38:29', 0),
(532, '45919060', 2, 132, 22, 'Alice coming..', 7, '2004-01-20 17:12:58', 0),
(533, '34804544', 3, 133, 23, 'King. (The.', 9, '2014-12-17 20:45:23', 0),
(534, '43166305', 4, 134, 24, 'King.', 5, '2009-02-07 14:42:57', 0),
(535, '37662059', 5, 135, 25, 'CAN all that.', 4, '1996-11-15 05:30:25', 0),
(536, '75612986', 6, 136, 26, 'However, this.', 2, '1978-02-26 08:41:43', 0),
(537, '61970137', 7, 137, 27, 'Dinah: I.', 4, '1986-03-06 17:48:03', 0),
(538, '37555597', 8, 138, 28, 'King sharply..', 7, '1987-07-15 11:00:58', 0),
(539, '09708877', 9, 139, 29, 'Alice said to.', 7, '1979-11-04 19:52:09', 0),
(540, '45234590', 10, 140, 30, 'I fell off.', 9, '2011-04-02 04:20:46', 0),
(541, '33473437', 1, 141, 1, 'Normans--\".', 8, '2015-10-19 12:08:41', 0),
(542, '19517810', 2, 142, 2, 'Alice, in a.', 8, '1977-01-28 07:56:11', 0),
(543, '88221397', 3, 143, 3, 'Queen had.', 7, '2000-10-19 19:51:18', 0),
(544, '95115566', 4, 144, 4, 'Alice. \'But.', 10, '1986-11-27 15:44:11', 0),
(545, '39955586', 5, 145, 5, 'Hatter. \'I.', 10, '1981-09-17 23:04:49', 0),
(546, '25945676', 6, 146, 6, 'Alice very.', 10, '2000-04-29 18:34:50', 0),
(547, '22164513', 7, 147, 7, 'I!\' said the.', 6, '2000-01-29 05:17:21', 0),
(548, '51136260', 8, 148, 8, 'Mary Ann,.', 10, '1994-07-14 10:48:25', 0),
(549, '51895303', 9, 149, 9, 'English coast.', 9, '1979-07-29 06:51:50', 0),
(550, '74610549', 10, 150, 10, 'Alice as he.', 9, '1985-08-11 05:08:28', 0),
(551, '74972944', 1, 151, 11, 'Alice had.', 4, '1986-08-21 19:54:09', 0),
(552, '07347443', 2, 152, 12, 'Stigand, the.', 4, '1972-04-25 21:52:38', 0),
(553, '50212910', 3, 153, 13, 'Alice.', 5, '2013-06-30 02:17:16', 0),
(554, '08662507', 4, 154, 14, 'Mock Turtle..', 5, '1972-05-02 03:45:24', 0),
(555, '83006029', 5, 155, 15, 'Mock Turtle..', 3, '2007-03-04 00:50:12', 0),
(556, '71892511', 6, 156, 16, 'Alice. \'Come.', 8, '1980-01-19 09:44:26', 0),
(557, '56921809', 7, 157, 17, 'I can\'t get.', 6, '1981-01-09 09:35:39', 0),
(558, '13420420', 8, 158, 18, 'This time.', 8, '1974-03-13 18:34:36', 0),
(559, '05620128', 9, 159, 19, 'I suppose, by.', 6, '1980-03-27 15:09:26', 0),
(560, '66116509', 10, 160, 20, 'She took down.', 10, '1998-12-25 19:56:10', 0),
(561, '47633674', 1, 161, 21, 'Alice an.', 8, '2014-04-12 17:24:01', 0),
(562, '22912459', 2, 162, 22, 'Mouse only.', 3, '1973-05-02 23:23:37', 0),
(563, '46623331', 3, 163, 23, 'Caterpillar\'s.', 6, '2000-02-15 13:35:19', 0),
(564, '91940933', 4, 164, 24, 'The only.', 5, '1986-04-27 14:29:17', 0),
(565, '56792010', 5, 165, 25, 'Rabbit say to.', 10, '1976-10-12 18:05:25', 0),
(566, '53746504', 6, 166, 26, 'Alice led the.', 8, '2019-12-12 15:50:37', 0),
(567, '20997434', 7, 167, 27, 'Alice began.', 4, '2019-12-01 20:56:13', 0),
(568, '81532186', 8, 168, 28, 'What would.', 3, '2007-03-13 02:17:00', 0),
(569, '65248126', 9, 169, 29, 'Duchess.', 5, '2008-09-18 07:54:37', 0),
(570, '11840985', 10, 170, 30, 'Duchess! The.', 5, '1990-09-07 16:14:30', 0),
(571, '16791039', 1, 171, 1, 'Said he.', 6, '1999-09-23 16:15:00', 0),
(572, '53563903', 2, 172, 2, 'The poor.', 6, '2005-05-13 00:01:30', 0),
(573, '16494190', 3, 173, 3, 'Gryphon at.', 10, '2005-01-03 10:44:53', 0),
(574, '71680293', 4, 174, 4, 'At last the.', 4, '1992-10-17 13:38:38', 0),
(575, '21196706', 5, 175, 5, 'Alice, \'to.', 2, '1977-09-17 14:55:36', 0),
(576, '91863461', 6, 176, 6, 'Pigeon. \'I\'m.', 4, '1979-09-10 01:35:41', 0),
(577, '24392211', 7, 177, 7, 'I BEG your.', 2, '1986-09-29 03:12:42', 0),
(578, '00136983', 8, 178, 8, 'Alice dear!\'.', 2, '1990-10-02 17:48:43', 0),
(579, '40835259', 9, 179, 9, 'Queen,.', 2, '2014-09-04 00:17:56', 0),
(580, '35273028', 10, 180, 10, 'Alice led the.', 6, '2009-11-28 03:55:05', 0),
(581, '75275020', 1, 181, 11, 'Alice like.', 7, '1971-11-19 06:12:23', 0),
(582, '62648769', 2, 182, 12, 'I should have.', 8, '2018-12-12 21:05:33', 0),
(583, '70326147', 3, 183, 13, 'I\'m grown up.', 7, '1992-01-08 15:13:22', 0),
(584, '37672201', 4, 184, 14, 'Dormouse.', 8, '1986-03-02 23:47:50', 0),
(585, '49579697', 5, 185, 15, 'I know!\'.', 4, '2013-09-23 04:36:18', 0),
(586, '58248607', 6, 186, 16, 'Shakespeare,.', 10, '1989-04-13 08:52:46', 0),
(587, '83482502', 7, 187, 17, 'What happened.', 9, '2000-01-25 05:06:31', 0),
(588, '16125773', 8, 188, 18, 'Alice, and.', 5, '1983-02-07 02:44:14', 0),
(589, '64090726', 9, 189, 19, 'How I wonder.', 2, '1995-11-10 02:00:03', 0),
(590, '23454071', 10, 190, 20, 'I.', 8, '1975-04-10 21:20:29', 0),
(591, '14138300', 1, 191, 21, 'Which way?\',.', 1, '2010-03-21 10:43:13', 0),
(592, '12019946', 2, 192, 22, 'Queen had.', 9, '1975-09-23 22:32:51', 0),
(593, '48856416', 3, 193, 23, 'I can\'t be.', 7, '2011-06-29 20:22:42', 0),
(594, '88136776', 4, 194, 24, 'I am! But I\'d.', 6, '1970-03-22 03:33:01', 0),
(595, '35083108', 5, 195, 25, 'The Dormouse.', 7, '1990-07-05 09:31:35', 0),
(596, '59384861', 6, 196, 26, 'THIS!\'.', 9, '1984-05-23 23:14:49', 0),
(597, '94460209', 7, 197, 27, 'Dinah, and.', 6, '2001-02-06 07:31:12', 0),
(598, '13111687', 8, 198, 28, 'Mock Turtle;.', 1, '2002-07-04 02:27:39', 0),
(599, '00394598', 9, 199, 29, 'Majesty,\'.', 7, '2010-08-24 08:32:55', 0),
(600, '28378082', 10, 200, 30, 'Christmas.\'.', 9, '1980-06-15 08:08:38', 0),
(601, '40935539', 1, 1, 1, 'I? Ah, THAT\'S.', 6, '1982-05-02 11:02:56', 0),
(602, '18826692', 2, 2, 2, 'Cat, \'a dog\'s.', 10, '2017-12-14 15:21:49', 0),
(603, '76377372', 3, 3, 3, 'Five! Don\'t.', 1, '1989-02-19 07:50:56', 0),
(604, '05664252', 4, 4, 4, 'Next came the.', 3, '1992-06-17 19:22:32', 0),
(605, '10295564', 5, 5, 5, 'The next.', 10, '1972-01-19 02:13:00', 0),
(606, '67259526', 6, 6, 6, 'I think you\'d.', 5, '1982-01-02 14:38:39', 0),
(607, '69527708', 7, 7, 7, 'Alice. \'Now.', 9, '2015-06-19 14:58:46', 0),
(608, '03350201', 8, 8, 8, 'I don\'t put.', 1, '2009-03-13 16:12:50', 0),
(609, '79245449', 9, 9, 9, 'I hadn\'t to.', 7, '1989-04-27 13:37:27', 0),
(610, '71468426', 10, 10, 10, 'I am! But I\'d.', 5, '1991-07-23 15:05:54', 0),
(611, '12357901', 1, 11, 11, 'I believe.\'.', 5, '1986-10-22 10:00:42', 0),
(612, '20334086', 2, 12, 12, 'Duchess was.', 1, '1985-10-27 21:20:58', 0),
(613, '12152001', 3, 13, 13, 'I wonder what.', 7, '2005-12-02 14:29:40', 0),
(614, '36095117', 4, 14, 14, 'I was going.', 6, '2018-11-28 03:54:25', 0),
(615, '13079192', 5, 15, 15, 'Queen, \'and.', 10, '2013-07-28 22:18:59', 0),
(616, '32202052', 6, 16, 16, 'That he met.', 6, '1977-05-21 06:41:35', 0),
(617, '92750807', 7, 17, 17, 'Then followed.', 5, '1977-07-19 13:41:40', 0),
(618, '81578580', 8, 18, 18, 'She was.', 4, '1983-06-13 14:45:09', 0),
(619, '26034379', 9, 19, 19, 'DON\'T know,\'.', 7, '2017-10-14 17:53:28', 0),
(620, '98303601', 10, 20, 20, 'King:.', 4, '2017-02-13 20:07:10', 0),
(621, '05126309', 1, 21, 21, 'After these.', 7, '1976-05-08 22:10:49', 0),
(622, '52055065', 2, 22, 22, 'Alice.', 4, '2018-06-13 04:49:16', 0),
(623, '18266597', 3, 23, 23, 'Cheshire Cat,.', 4, '1972-07-17 15:49:33', 0),
(624, '74373611', 4, 24, 24, 'Bill! I.', 1, '1990-02-19 15:18:21', 0),
(625, '22357878', 5, 25, 25, 'Alice\'s.', 1, '1972-05-21 21:07:20', 0),
(626, '07826726', 6, 26, 26, 'But at any.', 6, '1975-11-23 08:40:38', 0),
(627, '48047661', 7, 27, 27, 'VERY turn-up.', 10, '2009-11-07 00:52:48', 0),
(628, '23668355', 8, 28, 28, 'King said to.', 1, '1987-08-28 22:15:25', 0),
(629, '91290533', 9, 29, 29, 'Dinah, and.', 8, '2009-06-03 07:50:28', 0),
(630, '71425481', 10, 30, 30, 'Bill! I.', 3, '1980-02-23 18:13:46', 0),
(631, '28291275', 1, 31, 1, 'White Rabbit,.', 7, '1988-12-22 01:19:55', 0),
(632, '85212817', 2, 32, 2, 'So you see,.', 1, '1979-01-29 08:46:58', 0),
(633, '40648934', 3, 33, 3, 'She felt that.', 5, '2017-05-01 03:47:48', 0),
(634, '71628851', 4, 34, 4, 'She said this.', 10, '1998-07-30 16:28:08', 0),
(635, '35195047', 5, 35, 5, 'White Rabbit,.', 1, '2007-11-29 02:00:01', 0),
(636, '65347744', 6, 36, 6, 'HERE.\' \'But.', 5, '1975-01-12 07:42:04', 0),
(637, '92366763', 7, 37, 7, 'So she set to.', 6, '1983-11-30 08:08:35', 0),
(638, '19662763', 8, 38, 8, 'Alice! when.', 1, '1987-06-22 19:48:15', 0),
(639, '06154288', 9, 39, 9, 'But they HAVE.', 8, '1995-06-25 05:48:57', 0),
(640, '55687942', 10, 40, 10, 'VERY nearly.', 1, '2008-09-16 16:35:08', 0),
(641, '40985947', 1, 41, 11, 'Gryphon.', 5, '1997-10-12 10:43:40', 0),
(642, '19256450', 2, 42, 12, 'Lory, as soon.', 4, '2017-07-04 16:36:04', 0),
(643, '49917840', 3, 43, 13, 'English,\'.', 9, '1987-03-14 15:24:44', 0),
(644, '85236073', 4, 44, 14, 'Her chin was.', 10, '1973-06-12 08:50:12', 0),
(645, '12241798', 5, 45, 15, 'Beautiful,.', 5, '2012-04-05 16:34:37', 0),
(646, '03558010', 6, 46, 16, 'This sounded.', 3, '1982-10-13 01:32:38', 0),
(647, '25400427', 7, 47, 17, 'Alice as he.', 6, '1972-08-28 04:25:22', 0),
(648, '26803760', 8, 48, 18, 'King. (The.', 10, '2002-05-11 06:41:00', 0),
(649, '48992138', 9, 49, 19, 'For instance,.', 6, '1979-11-08 16:30:38', 0),
(650, '81845767', 10, 50, 20, 'The players.', 10, '2015-06-29 15:45:27', 0),
(651, '49269154', 1, 51, 21, 'ONE with such.', 2, '2015-03-03 08:44:59', 0),
(652, '56100679', 2, 52, 22, 'So Alice got.', 10, '2017-04-26 00:16:39', 0),
(653, '37890278', 3, 53, 23, 'Alice, and.', 5, '2000-11-11 19:24:34', 0),
(654, '29450305', 4, 54, 24, 'King, looking.', 5, '1996-08-22 03:31:19', 0),
(655, '29706600', 5, 55, 25, 'I didn\'t!\'.', 1, '2004-01-16 12:23:14', 0),
(656, '47125797', 6, 56, 26, 'I shall have.', 10, '2008-09-12 22:01:55', 0),
(657, '56910995', 7, 57, 27, 'After a.', 8, '2003-03-27 04:02:58', 0),
(658, '09874138', 8, 58, 28, 'I wonder who.', 7, '1987-07-25 20:35:31', 0),
(659, '55815963', 9, 59, 29, 'And the moral.', 6, '1973-08-30 13:19:39', 0),
(660, '13554552', 10, 60, 30, 'And I declare.', 10, '2012-09-10 03:27:16', 0),
(661, '40307800', 1, 61, 1, 'Mock Turtle.', 7, '2014-03-03 07:39:48', 0),
(662, '66563372', 2, 62, 2, 'King, rubbing.', 3, '2008-04-21 13:59:08', 0),
(663, '62172219', 3, 63, 3, 'I\'ve.', 8, '2013-05-02 21:34:00', 0),
(664, '38231919', 4, 64, 4, 'Mock Turtle..', 7, '2004-07-20 20:45:28', 0),
(665, '49489644', 5, 65, 5, 'Rabbit coming.', 2, '1991-08-07 19:18:20', 0),
(666, '10430736', 6, 66, 6, 'At last the.', 7, '1975-09-06 12:59:24', 0),
(667, '90078392', 7, 67, 7, 'Alice started.', 4, '2013-10-16 05:49:58', 0),
(668, '27110935', 8, 68, 8, 'Gryphon.', 5, '2007-04-22 08:37:54', 0),
(669, '45475092', 9, 69, 9, 'She had not.', 4, '1980-04-28 15:01:22', 0),
(670, '51332815', 10, 70, 10, 'She had just.', 2, '2006-10-31 06:27:38', 0),
(671, '92282520', 1, 71, 11, 'March Hare.', 9, '1988-12-31 01:53:09', 0),
(672, '56575606', 2, 72, 12, 'Duchess, who.', 1, '2012-05-10 22:21:37', 0),
(673, '26941219', 3, 73, 13, 'King..', 2, '2009-05-29 23:15:42', 0),
(674, '68547561', 4, 74, 14, 'Majesty,\'.', 10, '1996-03-10 02:24:59', 0),
(675, '73380184', 5, 75, 15, 'However, when.', 7, '1991-05-27 10:16:33', 0),
(676, '81614950', 6, 76, 16, 'King said,.', 2, '2018-01-19 17:53:19', 0),
(677, '30805446', 7, 77, 17, 'Hatter, \'you.', 8, '1977-03-11 21:00:40', 0),
(678, '11049470', 8, 78, 18, 'I think.\' And.', 8, '1995-01-30 07:04:55', 0),
(679, '39917768', 9, 79, 19, 'I must be on.', 5, '1991-04-12 07:42:54', 0),
(680, '15577313', 10, 80, 20, 'THAT.', 10, '2005-05-26 21:20:12', 0),
(681, '04598046', 1, 81, 21, 'What happened.', 5, '2004-11-26 04:02:03', 0),
(682, '62134613', 2, 82, 22, 'The King laid.', 2, '1980-12-19 12:59:38', 0),
(683, '91460196', 3, 83, 23, 'CURTSEYING as.', 3, '1990-06-09 14:25:55', 0),
(684, '40375762', 4, 84, 24, 'Duchess and.', 5, '1997-04-03 13:38:20', 0);
INSERT INTO `books` (`id`, `callno`, `category_id`, `author_id`, `publisher_id`, `name`, `quantity`, `added_date`, `issued`) VALUES
(685, '56601251', 5, 85, 25, 'Caterpillar..', 6, '1993-01-11 10:26:10', 0),
(686, '40208008', 6, 86, 26, 'Game, or any.', 4, '2002-02-14 17:05:39', 0),
(687, '99133207', 7, 87, 27, 'Queen, who.', 6, '1976-09-06 06:17:24', 0),
(688, '07007156', 8, 88, 28, 'Gryphon, \'you.', 10, '1970-02-17 11:06:08', 0),
(689, '93958998', 9, 89, 29, 'Alice, a.', 3, '1970-02-28 05:25:46', 0),
(690, '66112228', 10, 90, 30, 'WAS a curious.', 3, '2004-07-09 12:20:25', 0),
(691, '76899836', 1, 91, 1, 'NO mistake.', 10, '1991-10-09 19:52:45', 0),
(692, '18585438', 2, 92, 2, 'The.', 1, '1972-06-25 07:16:13', 0),
(693, '70421910', 3, 93, 3, 'Alice. \'Oh,.', 8, '2018-04-06 07:45:58', 0),
(694, '92470569', 4, 94, 4, 'Alice replied.', 7, '2011-12-13 09:35:34', 0),
(695, '02269436', 5, 95, 5, 'The Queen.', 10, '1971-09-27 16:42:36', 0),
(696, '55704779', 6, 96, 6, 'I BEG your.', 4, '2016-07-06 00:56:36', 0),
(697, '63980905', 7, 97, 7, 'And she began.', 1, '2013-10-18 12:38:04', 0),
(698, '55531214', 8, 98, 8, 'Alice.', 9, '1987-06-02 09:09:30', 0),
(699, '38262043', 9, 99, 9, 'Duchess said.', 4, '1998-06-20 22:39:35', 0),
(700, '97907183', 10, 100, 10, 'BEST butter,.', 7, '1972-05-31 06:26:44', 0),
(701, '98300921', 1, 101, 11, 'I suppose.', 1, '2018-09-20 12:51:14', 0),
(702, '41908365', 2, 102, 12, 'Queen\'s voice.', 3, '1996-06-22 15:27:06', 0),
(703, '28735199', 3, 103, 13, 'King, and the.', 6, '1992-04-05 15:29:09', 0),
(704, '33568041', 4, 104, 14, 'The.', 2, '1978-09-28 17:04:52', 0),
(705, '61251823', 5, 105, 15, 'While she was.', 1, '1982-01-14 07:04:23', 0),
(706, '39038029', 6, 106, 16, 'Alice like.', 5, '1981-01-21 10:11:55', 0),
(707, '79203975', 7, 107, 17, 'The players.', 1, '1992-10-08 18:21:18', 0),
(708, '37539160', 8, 108, 18, 'Alice, as she.', 7, '2007-11-04 20:44:55', 0),
(709, '27131688', 9, 109, 19, 'Alice was.', 9, '2013-10-08 12:50:00', 0),
(710, '45416781', 10, 110, 20, 'Will you,.', 1, '1988-09-25 06:32:35', 0),
(711, '08414632', 1, 111, 21, 'White Rabbit..', 6, '2019-11-04 20:01:07', 0),
(712, '35135647', 2, 112, 22, 'HAVE you been.', 5, '1990-09-05 06:18:28', 0),
(713, '35890720', 3, 113, 23, 'Alice! when.', 3, '1988-12-19 21:37:28', 0),
(714, '93262491', 4, 114, 24, 'YOU manage?\'.', 10, '1982-05-31 13:18:02', 0),
(715, '79052153', 5, 115, 25, 'Said he.', 1, '2017-12-20 21:50:01', 0),
(716, '85648975', 6, 116, 26, 'Seaography:.', 1, '2005-11-08 12:18:09', 0),
(717, '92327757', 7, 117, 27, 'Alice.', 3, '2010-11-22 15:40:36', 0),
(718, '04053330', 8, 118, 28, 'King. On this.', 1, '2017-03-27 13:59:16', 0),
(719, '99437831', 9, 119, 29, 'THE.', 7, '1977-07-28 16:34:31', 0),
(720, '27102091', 10, 120, 30, 'But do cats.', 1, '1997-11-19 21:30:35', 0),
(721, '52049095', 1, 121, 1, 'Queen added.', 7, '1971-09-18 18:15:20', 0),
(722, '04277187', 2, 122, 2, 'Alice did not.', 4, '1970-03-30 21:55:31', 0),
(723, '83245169', 3, 123, 3, 'Come on!\' So.', 3, '1971-08-17 00:31:38', 0),
(724, '35339687', 4, 124, 4, 'Cat. \'I don\'t.', 10, '2009-12-17 02:10:17', 0),
(725, '93336109', 5, 125, 5, 'THAT.', 2, '2014-03-21 05:04:00', 0),
(726, '12128624', 6, 126, 6, 'Shakespeare,.', 4, '1996-10-22 00:32:09', 0),
(727, '47080331', 7, 127, 7, 'Alice\'s elbow.', 7, '1974-11-30 02:52:39', 0),
(728, '95886336', 8, 128, 8, 'And will talk.', 9, '2020-02-14 19:29:47', 0),
(729, '94412819', 9, 129, 9, 'Mock Turtle:.', 1, '1992-09-03 02:51:49', 0),
(730, '28247098', 10, 130, 10, 'It doesn\'t.', 9, '2000-08-13 06:40:15', 0),
(731, '64712147', 1, 131, 11, 'Pigeon the.', 2, '1983-03-03 08:44:36', 0),
(732, '18645125', 2, 132, 12, 'Alice in a.', 5, '1994-03-12 09:43:54', 0),
(733, '10338971', 3, 133, 13, 'Hatter, it.', 10, '1992-06-28 09:47:21', 0),
(734, '05611638', 4, 134, 14, 'March Hare.', 10, '2009-04-11 03:26:28', 0),
(735, '14712975', 5, 135, 15, 'I to do with.', 7, '2011-10-01 13:31:56', 0),
(736, '62274999', 6, 136, 16, 'Rabbit.', 4, '1995-12-09 01:59:31', 0),
(737, '05292912', 7, 137, 17, 'So Alice got.', 10, '1990-11-02 07:36:57', 0),
(738, '59798347', 8, 138, 18, 'Dormouse,\'.', 5, '1987-05-09 11:24:10', 0),
(739, '62373753', 9, 139, 19, 'First,.', 3, '1981-10-03 14:06:06', 0),
(740, '38986314', 10, 140, 20, 'March Hare.', 6, '2010-08-01 13:37:05', 0),
(741, '34616611', 1, 141, 21, 'Oh, how I.', 5, '1980-11-12 07:25:51', 0),
(742, '40215280', 2, 142, 22, 'YOU?\' said.', 6, '1996-05-03 17:53:37', 0),
(743, '09306820', 3, 143, 23, 'Besides,.', 2, '2016-05-09 00:57:23', 0),
(744, '72466858', 4, 144, 24, 'PRECIOUS.', 1, '2010-04-05 06:54:36', 0),
(745, '37053963', 5, 145, 25, 'March Hare..', 10, '1999-02-07 11:32:35', 0),
(746, '75820695', 6, 146, 26, 'Hatter, it.', 8, '1994-10-13 16:14:02', 0),
(747, '14417436', 7, 147, 27, 'There seemed.', 6, '2001-05-25 16:14:17', 0),
(748, '04696421', 8, 148, 28, 'These were.', 7, '2015-02-13 19:36:07', 0),
(749, '76635090', 9, 149, 29, 'I know I do!\'.', 10, '2011-01-27 02:58:51', 0),
(750, '53817136', 10, 150, 30, 'Mock Turtle.', 10, '2003-08-06 05:57:26', 0),
(751, '85902015', 1, 151, 1, 'I\'ve got to.', 7, '2003-08-09 03:05:48', 0),
(752, '11587354', 2, 152, 2, 'I think--\'.', 7, '1975-02-08 15:59:12', 0),
(753, '31992848', 3, 153, 3, 'Mock Turtle..', 7, '1989-10-02 03:08:51', 0),
(754, '46119261', 4, 154, 4, 'They all made.', 10, '2017-11-23 02:42:36', 0),
(755, '34435595', 5, 155, 5, 'HIS time of.', 2, '1998-10-23 03:12:05', 0),
(756, '77933645', 6, 156, 6, 'Queen, but.', 5, '2015-10-24 16:05:21', 0),
(757, '51969974', 7, 157, 7, 'I THINK; or.', 4, '1989-07-03 18:53:53', 0),
(758, '14775703', 8, 158, 8, 'Allow me to.', 9, '1975-03-06 16:00:32', 0),
(759, '42044352', 9, 159, 9, 'And mentioned.', 4, '1982-08-24 02:28:23', 0),
(760, '61884908', 10, 160, 10, 'And certainly.', 1, '1985-02-26 14:51:42', 0),
(761, '90172946', 1, 161, 11, 'Mock Turtle.', 1, '1983-11-30 15:20:47', 0),
(762, '50161287', 2, 162, 12, 'Alice took up.', 2, '1998-11-22 04:44:19', 0),
(763, '41054345', 3, 163, 13, 'So she began:.', 1, '2012-12-26 04:42:12', 0),
(764, '48619165', 4, 164, 14, 'All this time.', 1, '2018-07-17 21:02:12', 0),
(765, '57098616', 5, 165, 15, 'Gryphon, \'she.', 2, '1971-05-23 06:52:46', 0),
(766, '56870695', 6, 166, 16, 'Alice to.', 10, '1990-01-24 03:22:38', 0),
(767, '28304579', 7, 167, 17, 'Then the.', 7, '1989-09-02 12:44:28', 0),
(768, '58077986', 8, 168, 18, 'Alice.', 2, '1971-11-11 02:40:48', 0),
(769, '11505754', 9, 169, 19, 'Hardly.', 6, '1988-03-09 16:21:32', 0),
(770, '08188779', 10, 170, 20, 'Mary Ann, and.', 10, '1970-05-19 00:57:20', 0),
(771, '35113485', 1, 171, 21, 'How I wonder.', 5, '1989-08-02 05:57:00', 0),
(772, '10037898', 2, 172, 22, 'Queen\'s.', 7, '2013-12-04 07:00:29', 0),
(773, '34736449', 3, 173, 23, 'See how.', 5, '1971-10-19 20:11:50', 0),
(774, '96629673', 4, 174, 24, 'Let me see:.', 10, '2000-04-05 02:09:56', 0),
(775, '38805936', 5, 175, 25, 'Prizes!\'.', 4, '2004-11-12 01:38:57', 0),
(776, '30235366', 6, 176, 26, 'Alice in a.', 1, '2016-09-17 07:45:04', 0),
(777, '20119386', 7, 177, 27, 'Alice, a good.', 9, '1985-05-07 15:02:29', 0),
(778, '61634497', 8, 178, 28, 'I give you.', 10, '1987-01-06 22:27:53', 0),
(779, '98244164', 9, 179, 29, 'King very.', 10, '1987-02-23 11:40:42', 0),
(780, '67996650', 10, 180, 30, 'Forty-two..', 6, '1979-04-20 16:00:08', 0),
(781, '75273927', 1, 181, 1, 'I could say.', 2, '1971-12-03 00:00:07', 0),
(782, '39869074', 2, 182, 2, 'Bill,\' she.', 6, '1986-03-16 11:20:38', 0),
(783, '56672251', 3, 183, 3, 'Quick, now!\'.', 5, '2009-09-14 23:05:20', 0),
(784, '01162974', 4, 184, 4, 'She was close.', 2, '1977-11-25 03:37:18', 0),
(785, '72211939', 5, 185, 5, 'So they got.', 5, '2018-01-30 08:56:40', 0),
(786, '42615408', 6, 186, 6, 'Beautiful,.', 1, '2014-07-30 10:54:01', 0),
(787, '07779435', 7, 187, 7, 'I do so like.', 8, '1979-07-06 03:52:54', 0),
(788, '64151953', 8, 188, 8, 'Her chin was.', 21, '1970-12-23 20:13:00', 0),
(789, '42325604', 9, 189, 9, 'Presently she.', 5, '1971-03-04 19:43:53', 0),
(790, '79980586', 10, 190, 10, 'King, \'and.', 6, '2012-05-25 16:57:41', 0),
(791, '96413913', 1, 191, 11, 'WAS no one.', 7, '2018-02-20 17:35:40', 0),
(792, '98830541', 2, 192, 12, 'The.', 4, '1985-11-04 23:26:55', 0),
(793, '36039791', 3, 193, 13, 'CHAPTER X..', 4, '2009-07-25 06:44:29', 0),
(794, '54898943', 4, 194, 14, 'Duchess: \'and.', 5, '2011-07-04 17:24:36', 0),
(795, '68801717', 5, 195, 15, 'Alice, as she.', 10, '1984-02-12 14:12:56', 0),
(796, '61271807', 6, 196, 16, 'I\'m sure I.', 6, '2000-12-17 04:34:15', 0),
(797, '88537924', 7, 197, 17, 'Hatter, and,.', 9, '2019-07-20 12:52:40', 0),
(798, '57410418', 8, 198, 18, 'While the Owl.', 7, '2016-02-17 20:14:41', 0),
(799, '09045453', 9, 199, 19, 'Dormouse.', 35, '2008-09-05 18:35:47', 0),
(800, '99960704', 10, 200, 20, 'I ever was at.', 10, '1997-01-09 05:03:26', 0),
(801, '69138751', 1, 1, 21, 'Let me think:.', 5, '1982-11-17 22:36:08', 0),
(802, '56215113', 2, 2, 22, 'First, she.', 5, '1998-01-14 06:28:13', 0),
(803, '60086990', 3, 3, 23, 'Why, I.', 3, '1978-02-09 01:30:49', 0),
(804, '59509790', 4, 4, 24, 'Dodo.', 5, '1989-10-07 13:28:46', 0),
(805, '42894582', 5, 5, 25, 'She was close.', 6, '1987-03-22 04:47:37', 0),
(806, '37298579', 6, 6, 26, 'Alice was.', 1, '1979-09-17 12:22:36', 0),
(807, '11914945', 7, 7, 27, 'Alice hastily.', 4, '1974-12-01 01:18:26', 0),
(808, '49273403', 8, 8, 28, 'I never.', 8, '1974-12-06 14:49:31', 0),
(809, '63547436', 9, 9, 29, 'It was so.', 10, '2006-12-07 08:32:03', 0),
(810, '71215655', 10, 10, 30, 'King repeated.', 7, '2019-01-06 13:27:35', 0),
(811, '76425004', 1, 11, 1, 'Alice to.', 8, '1970-11-26 02:21:03', 0),
(812, '73426608', 2, 12, 2, 'I think I.', 7, '2008-07-17 10:31:47', 0),
(813, '40374949', 3, 13, 3, 'I can guess.', 1, '2000-03-26 23:27:42', 0),
(814, '08186904', 4, 14, 4, 'Alice a good.', 10, '2004-06-14 01:06:31', 0),
(815, '18906585', 5, 15, 5, 'I\'ve.', 4, '2000-04-11 13:25:39', 0),
(816, '60034892', 6, 16, 6, 'And Alice was.', 8, '2007-03-23 03:02:17', 0),
(817, '21998768', 7, 17, 7, 'Poor Alice!.', 10, '1985-05-23 10:30:32', 0),
(818, '82522445', 8, 18, 8, 'Queen was in.', 1, '1997-09-10 16:13:23', 0),
(819, '30074194', 9, 19, 9, 'Mouse had.', 7, '2013-06-25 06:56:43', 0),
(820, '80197775', 10, 20, 10, 'In a little.', 1, '1992-04-28 05:33:44', 0),
(821, '18427127', 1, 21, 11, 'I wonder what.', 7, '2011-10-25 19:23:58', 0),
(822, '46365507', 2, 22, 12, 'Do come back.', 1, '2013-10-06 08:54:29', 0),
(823, '08115515', 3, 23, 13, 'WOULD always.', 10, '1999-09-22 21:37:58', 0),
(824, '25307023', 4, 24, 14, 'And she.', 8, '1999-07-26 17:18:48', 0),
(825, '71532882', 5, 25, 15, 'Two. Two.', 3, '1973-10-24 17:35:19', 0),
(826, '93742009', 6, 26, 16, 'Alice; \'I.', 3, '1975-06-16 15:28:08', 0),
(827, '21496066', 7, 27, 17, 'Hatter added.', 8, '1991-05-29 07:06:15', 0),
(828, '20399856', 8, 28, 18, 'Ugh,.', 1, '1976-02-15 17:25:14', 0),
(829, '84887962', 9, 29, 19, 'King, the.', 5, '1972-04-27 04:59:20', 0),
(830, '61039292', 10, 30, 20, 'I was a.', 1, '1993-06-08 20:13:59', 0),
(831, '34683408', 1, 31, 21, 'Alice was too.', 2, '2016-09-04 04:23:22', 0),
(832, '13176587', 2, 32, 22, 'Alice,.', 3, '1981-03-07 08:18:52', 0),
(833, '26965154', 3, 33, 23, 'I have.', 5, '2012-03-22 05:08:03', 0),
(834, '31878098', 4, 34, 24, 'Alice.', 1, '2017-04-12 02:15:02', 0),
(835, '00076449', 5, 35, 25, 'Queen will.', 5, '1987-10-24 04:52:41', 0),
(836, '39579812', 6, 36, 26, 'II. The Pool.', 2, '2010-01-25 16:18:52', 0),
(837, '97088035', 7, 37, 27, 'Who would not.', 2, '2018-05-15 00:43:32', 0),
(838, '38037061', 8, 38, 28, 'I don\'t.', 5, '1987-10-23 09:46:53', 0),
(839, '45632495', 9, 39, 29, 'Hatter, \'I.', 2, '2018-11-09 12:50:12', 0),
(840, '91779663', 10, 40, 30, 'There was.', 2, '1988-06-25 07:20:00', 0),
(841, '32190588', 1, 41, 1, 'I will tell.', 3, '1982-07-03 18:35:05', 0),
(842, '94548723', 2, 42, 2, 'I hadn\'t.', 7, '2008-02-23 01:01:29', 0),
(843, '24778947', 3, 43, 3, 'I suppose, by.', 1, '2011-03-28 11:12:23', 0),
(844, '82499471', 4, 44, 4, 'Mock Turtle.', 4, '2002-09-02 12:53:47', 0),
(845, '36101122', 5, 45, 5, 'Alice caught.', 10, '2017-07-29 15:36:46', 0),
(846, '64329789', 6, 46, 6, 'And the moral.', 4, '1982-03-04 09:07:00', 0),
(847, '15867988', 7, 47, 7, 'King:.', 3, '1983-08-18 09:24:23', 0),
(848, '25302967', 8, 48, 8, 'For anything.', 3, '1991-04-19 19:51:35', 0),
(849, '03359914', 9, 49, 9, 'Majesty,\'.', 1, '1977-06-11 20:59:52', 0),
(850, '26802411', 10, 50, 10, 'Pennyworth.', 2, '1980-08-20 10:45:05', 0),
(851, '61946088', 1, 51, 11, 'You gave us.', 6, '2002-01-27 14:44:44', 0),
(852, '61099463', 2, 52, 12, 'Alice, as she.', 9, '2001-01-22 16:13:08', 0),
(853, '36646784', 3, 53, 13, 'She pitied.', 8, '1983-10-29 16:38:33', 0),
(854, '59937463', 4, 54, 14, 'March Hare..', 5, '1980-07-17 20:03:48', 0),
(855, '89020579', 5, 55, 15, 'Indeed, she.', 1, '1994-06-26 16:05:21', 0),
(856, '73255987', 6, 56, 16, 'There was.', 2, '1971-11-05 15:36:34', 0),
(857, '16127920', 7, 57, 17, 'Alice\'s side.', 5, '2012-12-29 08:22:53', 0),
(858, '36701131', 8, 58, 18, 'King, \'that.', 5, '1986-08-19 05:34:48', 0),
(859, '39557544', 9, 59, 19, 'However, she.', 5, '2019-11-15 12:35:43', 0),
(860, '51176570', 10, 60, 20, 'SOMETHING.', 1, '1973-02-28 16:27:21', 0),
(861, '25722444', 1, 61, 21, 'Alice as he.', 3, '1974-07-30 18:13:38', 0),
(862, '56886177', 2, 62, 22, 'No, I\'ve made.', 1, '1975-12-05 09:42:43', 0),
(863, '42637929', 3, 63, 23, 'In another.', 4, '1976-12-05 09:30:08', 0),
(864, '26848617', 4, 64, 24, 'Alice; \'you.', 7, '1994-12-18 12:15:13', 0),
(865, '85575196', 5, 65, 25, 'I got up this.', 6, '2002-12-05 09:37:20', 0),
(866, '23945234', 6, 66, 26, 'And the.', 5, '2010-10-11 19:06:50', 0),
(867, '55347815', 7, 67, 27, 'March Hare.', 8, '1985-12-14 00:40:43', 0),
(868, '55373852', 8, 68, 28, 'She hastily.', 1, '1982-09-09 03:45:56', 0),
(869, '50755080', 9, 69, 29, 'I only wish.', 4, '1975-06-16 07:45:20', 0),
(870, '97608325', 10, 70, 30, 'I to get in?\'.', 3, '1990-10-18 03:03:02', 0),
(871, '96675670', 1, 71, 1, 'Duchess and.', 2, '2020-03-27 07:56:04', 0),
(872, '80140085', 2, 72, 2, 'M, such as.', 4, '2011-05-14 10:30:40', 0),
(873, '14702792', 3, 73, 3, 'The next.', 7, '1972-06-16 23:49:35', 0),
(874, '59769514', 4, 74, 4, 'March Hare.', 8, '1974-04-21 07:16:29', 0),
(875, '70851069', 5, 75, 5, 'This time.', 6, '1990-12-04 18:43:16', 0),
(876, '55704076', 6, 76, 6, 'There was.', 8, '1987-10-10 10:50:01', 0),
(877, '24831512', 7, 77, 7, 'Alice was not.', 6, '1988-01-31 23:51:16', 0),
(878, '37525989', 8, 78, 8, 'Alice in a.', 3, '1976-08-15 23:53:14', 0),
(879, '33141138', 9, 79, 9, 'Dormouse;.', 10, '1985-06-27 17:24:14', 0),
(880, '40162140', 10, 80, 10, 'Bill! I.', 2, '1970-11-29 08:59:33', 0),
(881, '83436536', 1, 81, 11, 'Alice..', 9, '2007-11-25 02:07:30', 0),
(882, '02039350', 2, 82, 12, 'I like being.', 7, '1976-03-23 02:28:27', 0),
(883, '61088504', 3, 83, 13, 'Nile On every.', 5, '2007-04-09 20:32:34', 0),
(884, '60917393', 4, 84, 14, 'Alice, (she.', 7, '1973-01-02 14:19:32', 0),
(885, '04223429', 5, 85, 15, 'Then the.', 2, '1981-06-22 09:21:14', 0),
(886, '45288838', 6, 86, 16, 'Queen merely.', 2, '2018-03-11 09:30:47', 0),
(887, '67658213', 7, 87, 17, 'Dodo. Then.', 6, '2006-02-02 02:06:23', 0),
(888, '67539802', 8, 88, 18, 'Queen shouted.', 5, '1999-06-11 06:38:36', 0),
(889, '92307308', 9, 89, 19, 'At last the.', 8, '1981-01-28 15:09:58', 0),
(890, '82305413', 10, 90, 20, 'I suppose I.', 24, '2018-05-18 03:03:07', 0),
(891, '14546662', 1, 91, 21, 'Alice, in a.', 6, '1976-09-21 10:44:46', 0),
(892, '33226002', 2, 92, 22, 'White Rabbit:.', 5, '1979-12-31 09:11:45', 0),
(893, '21728143', 3, 93, 23, 'Do cats eat.', 7, '2012-02-22 01:19:33', 0),
(894, '12902125', 4, 94, 24, 'King, the.', 8, '1977-08-09 13:57:14', 0),
(895, '84897831', 5, 95, 25, 'PERSONS MORE.', 8, '1994-01-08 11:38:34', 0),
(896, '94625189', 6, 96, 26, 'Alice. \'And.', 3, '1985-11-17 17:43:41', 0),
(897, '45201646', 7, 97, 27, 'I\'ll just see.', 10, '1991-02-12 05:10:35', 0),
(898, '89529560', 8, 98, 28, 'Rabbit.', 7, '1988-03-05 21:05:39', 0),
(899, '88262307', 9, 99, 29, 'Ugh,.', 4, '1980-11-07 16:57:48', 0),
(900, '25112511', 10, 100, 30, 'Dormouse.', 23, '1980-09-28 18:51:40', 0),
(901, '77225412', 1, 101, 1, 'Mock Turtle.', 10, '1972-04-22 10:38:44', 0),
(902, '41630372', 2, 102, 2, 'However, she.', 10, '2000-01-26 02:50:53', 0),
(903, '48376266', 3, 103, 3, 'Where CAN I.', 7, '2014-01-26 18:48:06', 0),
(904, '69132698', 4, 104, 4, 'I hadn\'t to.', 6, '2019-12-24 19:37:40', 0),
(905, '74906604', 5, 105, 5, 'The judge, by.', 5, '2012-10-03 16:39:01', 0),
(906, '26796888', 6, 106, 6, 'I can\'t put.', 6, '1992-05-03 05:49:51', 0),
(907, '02957517', 7, 107, 7, 'English coast.', 4, '2019-12-16 06:53:59', 0),
(908, '14565939', 8, 108, 8, 'So she set to.', 4, '1989-11-21 05:19:41', 0),
(909, '38910470', 9, 109, 9, 'Bill! the.', 3, '1973-11-18 13:49:51', 0),
(910, '26055442', 10, 110, 10, 'Mock Turtle.', 4, '1988-05-23 05:28:04', 0),
(911, '95187631', 1, 111, 11, 'SOMETHING.', 2, '1985-02-01 23:57:29', 0),
(912, '15138187', 2, 112, 12, 'Quick, now!\'.', 8, '2011-09-03 20:20:40', 0),
(913, '16678651', 3, 113, 13, 'Alice;.', 2, '2019-08-07 06:18:59', 0),
(914, '19814933', 4, 114, 14, 'Wonderland of.', 8, '2009-08-01 14:49:43', 0),
(915, '32485936', 5, 115, 15, 'She carried.', 4, '1991-08-11 23:53:20', 0),
(916, '48492096', 6, 116, 16, 'Queen added.', 4, '1985-07-02 00:14:42', 0),
(917, '31502221', 7, 117, 17, 'Majesty,\' he.', 2, '2017-04-13 13:23:16', 0),
(918, '4445433', 2, 44, 18, 'Test Book', 7, '2020-05-09 06:32:23', 0),
(919, '4445413', 3, 44, 18, 'Test Book', 12, '2020-05-09 06:34:25', 0),
(920, '4445033', 7, 14, 18, 'Test Book 2', 15, '2020-05-09 06:37:05', 0),
(921, '44145033', 5, 19, 18, 'Test Book 3', 18, '2020-05-09 06:41:15', 0),
(922, '4414503', 8, 2, 17, 'Test Book 4', 17, '2020-05-09 06:41:59', 0);

-- --------------------------------------------------------

--
-- Table structure for table `category`
--

CREATE TABLE `category` (
  `id` int(11) NOT NULL,
  `name` varchar(100) NOT NULL
) ENGINE=InnoDB DEFAULT CHARSET=latin1;

--
-- Dumping data for table `category`
--

INSERT INTO `category` (`id`, `name`) VALUES
(1, 'History'),
(2, 'Novel'),
(3, 'Science'),
(4, 'Computer'),
(5, 'Electronics'),
(6, 'Philosophy'),
(7, 'Fiction'),
(8, 'Food'),
(9, 'Arts'),
(10, 'Space');

-- --------------------------------------------------------

--
-- Table structure for table `issued`
--

CREATE TABLE `issued` (
  `id` int(11) NOT NULL,
  `bookcallno` varchar(100) NOT NULL,
  `student_id` int(11) NOT NULL,
  `issued_date` timestamp NULL DEFAULT current_timestamp()
) ENGINE=InnoDB DEFAULT CHARSET=latin1;

--
-- Dumping data for table `issued`
--

INSERT INTO `issued` (`id`, `bookcallno`, `student_id`, `issued_date`) VALUES
(1, '41876541', 3, '2020-05-09 06:29:13'),
(2, '41876541', 2, '2020-05-09 06:29:23'),
(3, '41876541', 12, '2020-05-09 06:29:31'),
(4, '19925127', 3, '2020-05-09 06:30:21');

-- --------------------------------------------------------

--
-- Table structure for table `librarian`
--

CREATE TABLE `librarian` (
  `id` int(11) NOT NULL,
  `name` varchar(100) NOT NULL,
  `password` varchar(100) NOT NULL,
  `email` varchar(100) NOT NULL,
  `address` varchar(100) NOT NULL,
  `city` varchar(100) NOT NULL,
  `contact` varchar(100) NOT NULL
) ENGINE=InnoDB DEFAULT CHARSET=latin1;

--
-- Dumping data for table `librarian`
--

INSERT INTO `librarian` (`id`, `name`, `password`, `email`, `address`, `city`, `contact`) VALUES
(1, 'Tommie', '8b21f4316ee6c68222498e3ed04f965fa91b2da4', 'dbernier@example.net', '355 Batz Estates\nNew Eladioview, MD 01665-8726', 'East Noemy', '(288)338-1065x63489'),
(2, 'Maximilian', '2f2fd11caa925feebdecac2f6acce7e522be6b2c', 'colton.schulist@example.org', '340 Cara Stream Suite 334\nReinatown, WV 27331', 'New Maud', '1-912-674-3163x50563'),
(3, 'Paul', '0c3b537d5f262153b0acbd25fac31669a7eb72d2', 'ulowe@example.org', '799 Denesik Roads Apt. 030\nProhaskamouth, LA 77674', 'South Anthony', '541.349.9352x9124'),
(4, 'Easton', 'e62304be2fa2808dce96844e57dc701f9f54da5a', 'donnelly.abigail@example.com', '77276 Hand Rest Apt. 184\nLilianport, DE 25240', 'Danykatown', '053.259.8728x107'),
(5, 'Harrison', '2da71afc1c88d7268cd6ecf9e64315bb3bb7110c', 'cnienow@example.org', '969 McKenzie Pines\nNorth Laruehaven, IL 36228', 'Lake Marianna', '081-016-1810');

-- --------------------------------------------------------

--
-- Table structure for table `location`
--

CREATE TABLE `location` (
  `id` int(11) NOT NULL,
  `bookcallno` varchar(100) NOT NULL,
  `floor` varchar(100) NOT NULL,
  `shelf` varchar(100) NOT NULL
) ENGINE=InnoDB DEFAULT CHARSET=latin1;

--
-- Dumping data for table `location`
--

INSERT INTO `location` (`id`, `bookcallno`, `floor`, `shelf`) VALUES
(1, '00076449', '2', '2'),
(2, '00136983', '4', '4'),
(3, '00143486', '2', '3'),
(4, '00145152', '4', '1'),
(5, '00268905', '4', '4'),
(6, '00364201', '2', '4'),
(7, '00394598', '4', '5'),
(8, '00443241', '5', '4'),
(9, '00556125', '1', '5'),
(10, '00710701', '1', '1'),
(11, '01162974', '1', '3'),
(12, '01266658', '3', '2'),
(13, '01326208', '5', '4'),
(14, '01530513', '5', '4'),
(15, '02039350', '1', '1'),
(16, '02243658', '4', '5'),
(17, '02269436', '2', '1'),
(18, '02308067', '3', '1'),
(19, '02374956', '4', '3'),
(20, '02537269', '1', '1'),
(21, '02873046', '5', '5'),
(22, '02892450', '3', '2'),
(23, '02957517', '2', '2'),
(24, '03032763', '4', '1'),
(25, '03093207', '2', '4'),
(26, '03242995', '4', '3'),
(27, '03350201', '2', '1'),
(28, '03359914', '5', '5'),
(29, '03530016', '1', '2'),
(30, '03558010', '2', '2'),
(31, '03594810', '3', '4'),
(32, '03787908', '4', '2'),
(33, '03836637', '2', '2'),
(34, '04042501', '3', '1'),
(35, '04053330', '3', '3'),
(36, '04223429', '4', '3'),
(37, '04277187', '3', '4'),
(38, '04533580', '2', '3'),
(39, '04555735', '2', '1'),
(40, '04598046', '3', '2'),
(41, '04643067', '4', '1'),
(42, '04696421', '3', '3'),
(43, '04790372', '3', '5'),
(44, '04891659', '4', '2'),
(45, '04975250', '5', '1'),
(46, '05126309', '2', '2'),
(47, '05262267', '1', '4'),
(48, '05292912', '5', '1'),
(49, '05577286', '5', '3'),
(50, '05611638', '4', '4'),
(51, '05620128', '4', '4'),
(52, '05664252', '4', '4'),
(53, '05991891', '4', '3'),
(54, '06051419', '2', '2'),
(55, '06154288', '5', '5'),
(56, '06255503', '5', '4'),
(57, '06299583', '1', '2'),
(58, '06363611', '5', '2'),
(59, '06652241', '4', '1'),
(60, '06705596', '3', '5'),
(61, '06757281', '1', '4'),
(62, '06786748', '4', '2'),
(63, '06840785', '3', '2'),
(64, '07007156', '5', '1'),
(65, '07258350', '3', '2'),
(66, '07306662', '2', '2'),
(67, '07347443', '2', '5'),
(68, '07366444', '2', '3'),
(69, '07370854', '3', '5'),
(70, '07575693', '2', '3'),
(71, '07741968', '3', '4'),
(72, '07779435', '3', '4'),
(73, '07826726', '4', '2'),
(74, '07895654', '4', '2'),
(75, '08004376', '4', '2'),
(76, '08115515', '5', '2'),
(77, '08130822', '3', '3'),
(78, '08152121', '4', '4'),
(79, '08186904', '3', '2'),
(80, '08188779', '4', '1'),
(81, '08309860', '1', '4'),
(82, '08414632', '2', '1'),
(83, '08505194', '3', '5'),
(84, '08662507', '1', '3'),
(85, '08717368', '2', '2'),
(86, '08774958', '1', '1'),
(87, '09045453', '2', '5'),
(88, '09306820', '3', '1'),
(89, '09708877', '4', '4'),
(90, '09871205', '4', '3'),
(91, '09874138', '3', '5'),
(92, '10037898', '2', '3'),
(93, '10063453', '2', '2'),
(94, '10175613', '1', '4'),
(95, '10209684', '5', '3'),
(96, '10295564', '1', '4'),
(97, '10338971', '2', '1'),
(98, '10430736', '1', '4'),
(99, '10497296', '4', '1'),
(100, '10816455', '4', '1'),
(101, '11049470', '2', '2'),
(102, '11265535', '5', '4'),
(103, '11343394', '3', '5'),
(104, '11456704', '1', '1'),
(105, '11505754', '5', '2'),
(106, '11587354', '1', '3'),
(107, '11636861', '3', '2'),
(108, '11840985', '2', '1'),
(109, '11914945', '2', '5'),
(110, '11983873', '4', '2'),
(111, '12019946', '4', '5'),
(112, '12045976', '2', '3'),
(113, '12128624', '2', '2'),
(114, '12152001', '4', '1'),
(115, '12210923', '2', '2'),
(116, '12241798', '2', '4'),
(117, '12357901', '3', '2'),
(118, '12466702', '4', '4'),
(119, '12506408', '4', '5'),
(120, '12874156', '2', '1'),
(121, '12902125', '2', '3'),
(122, '13079192', '5', '1'),
(123, '13083427', '1', '2'),
(124, '13111687', '3', '3'),
(125, '13176587', '5', '4'),
(126, '13384791', '3', '5'),
(127, '13420420', '3', '1'),
(128, '13527006', '5', '1'),
(129, '13554552', '5', '3'),
(130, '14042751', '4', '3'),
(131, '14045332', '5', '5'),
(132, '14138300', '1', '5'),
(133, '14176258', '4', '5'),
(134, '14240638', '4', '4'),
(135, '14281303', '3', '3'),
(136, '14417436', '4', '1'),
(137, '14461996', '2', '1'),
(138, '14546662', '2', '5'),
(139, '14565939', '4', '4'),
(140, '14702792', '3', '1'),
(141, '14712975', '3', '2'),
(142, '14758805', '3', '5'),
(143, '14775703', '1', '1'),
(144, '14793882', '2', '3'),
(145, '14903540', '2', '2'),
(146, '14972393', '3', '4'),
(147, '15054623', '3', '5'),
(148, '15061430', '2', '1'),
(149, '15085436', '5', '5'),
(150, '15092380', '5', '4'),
(151, '15138187', '3', '3'),
(152, '15290885', '4', '3'),
(153, '15465214', '3', '4'),
(154, '15577313', '2', '5'),
(155, '15760258', '3', '4'),
(156, '15810939', '1', '2'),
(157, '15834409', '1', '3'),
(158, '15867988', '4', '1'),
(159, '16125773', '5', '5'),
(160, '16127920', '1', '5'),
(161, '16218024', '2', '5'),
(162, '16341470', '2', '3'),
(163, '16348714', '3', '2'),
(164, '16446649', '2', '1'),
(165, '16494190', '4', '1'),
(166, '16678651', '3', '2'),
(167, '16791039', '3', '5'),
(168, '17045018', '4', '2'),
(169, '17071727', '3', '5'),
(170, '17429931', '4', '3'),
(171, '17468749', '4', '4'),
(172, '17677608', '3', '1'),
(173, '18051926', '4', '1'),
(174, '18112610', '2', '2'),
(175, '18115499', '3', '2'),
(176, '18266597', '4', '3'),
(177, '18291452', '5', '1'),
(178, '18301595', '3', '4'),
(179, '18427127', '4', '4'),
(180, '18457865', '5', '2'),
(181, '18585438', '3', '1'),
(182, '18620801', '2', '2'),
(183, '18645125', '1', '4'),
(184, '18826692', '3', '3'),
(185, '18906585', '5', '3'),
(186, '19041070', '1', '3'),
(187, '19256450', '3', '2'),
(188, '19517810', '2', '4'),
(189, '19540009', '3', '5'),
(190, '19662763', '4', '3'),
(191, '19782171', '1', '5'),
(192, '19804545', '1', '3'),
(193, '19814933', '1', '2'),
(194, '19898650', '2', '1'),
(195, '19906935', '5', '5'),
(196, '19925127', '1', '2'),
(197, '19974552', '1', '5'),
(198, '20074517', '1', '1'),
(199, '20119386', '2', '3'),
(200, '20334086', '2', '2'),
(201, '20399856', '4', '2'),
(202, '20857103', '1', '2'),
(203, '20997434', '3', '4'),
(204, '21092923', '5', '2'),
(205, '21196706', '1', '4'),
(206, '21396502', '3', '3'),
(207, '21496066', '2', '1'),
(208, '21499159', '3', '4'),
(209, '21728143', '3', '5'),
(210, '21850608', '5', '5'),
(211, '21856884', '5', '4'),
(212, '21959288', '3', '4'),
(213, '21992292', '5', '3'),
(214, '21998768', '5', '3'),
(215, '22072382', '5', '3'),
(216, '22078407', '4', '4'),
(217, '22149169', '4', '3'),
(218, '22164513', '3', '2'),
(219, '22357878', '5', '2'),
(220, '22733764', '5', '4'),
(221, '22912459', '3', '3'),
(222, '22921635', '3', '2'),
(223, '22953483', '4', '1'),
(224, '23454071', '2', '4'),
(225, '23517660', '5', '4'),
(226, '23668355', '2', '4'),
(227, '23678194', '4', '3'),
(228, '23717633', '1', '2'),
(229, '23945234', '3', '2'),
(230, '24207119', '5', '2'),
(231, '24337120', '2', '3'),
(232, '24392211', '2', '5'),
(233, '24504904', '2', '4'),
(234, '24548786', '1', '5'),
(235, '24778947', '5', '2'),
(236, '24831512', '4', '3'),
(237, '24918565', '5', '5'),
(238, '25112511', '1', '2'),
(239, '25143188', '5', '5'),
(240, '25182392', '5', '1'),
(241, '25302967', '4', '4'),
(242, '25307023', '1', '3'),
(243, '25334845', '2', '5'),
(244, '25400427', '3', '1'),
(245, '25623857', '5', '1'),
(246, '25677980', '2', '2'),
(247, '25712346', '5', '5'),
(248, '25722444', '4', '4'),
(249, '25862126', '1', '2'),
(250, '25921083', '5', '5'),
(251, '25945676', '1', '1'),
(252, '26034379', '2', '5'),
(253, '26055442', '3', '1'),
(254, '26437040', '2', '4'),
(255, '26766232', '3', '1'),
(256, '26796888', '2', '2'),
(257, '26802411', '5', '4'),
(258, '26803760', '1', '3'),
(259, '26848617', '3', '2'),
(260, '26941219', '4', '4'),
(261, '26965154', '5', '1'),
(262, '26968612', '5', '4'),
(263, '27038055', '4', '4'),
(264, '27102091', '1', '5'),
(265, '27110935', '4', '3'),
(266, '27131688', '5', '5'),
(267, '27526941', '5', '2'),
(268, '27667064', '3', '3'),
(269, '27755679', '2', '3'),
(270, '27805190', '1', '1'),
(271, '28247098', '3', '5'),
(272, '28291275', '5', '3'),
(273, '28304579', '5', '4'),
(274, '28378082', '2', '5'),
(275, '28406815', '1', '5'),
(276, '28443858', '5', '3'),
(277, '28527862', '5', '4'),
(278, '28735199', '4', '4'),
(279, '28879633', '1', '3'),
(280, '29105601', '5', '4'),
(281, '29167586', '5', '1'),
(282, '29182534', '1', '4'),
(283, '29342938', '2', '2'),
(284, '29450305', '3', '1'),
(285, '29457663', '3', '2'),
(286, '29635948', '4', '4'),
(287, '29706600', '2', '1'),
(288, '29992812', '1', '2'),
(289, '30074194', '5', '1'),
(290, '30130968', '1', '5'),
(291, '30235366', '1', '2'),
(292, '30432000', '2', '2'),
(293, '30448483', '5', '1'),
(294, '30805446', '2', '5'),
(295, '30906952', '5', '1'),
(296, '30947016', '5', '2'),
(297, '31266758', '2', '2'),
(298, '31375320', '3', '1'),
(299, '31417051', '2', '5'),
(300, '31502221', '4', '1'),
(301, '31878098', '4', '1'),
(302, '31887335', '5', '3'),
(303, '31989831', '1', '1'),
(304, '31992848', '5', '2'),
(305, '32137439', '3', '5'),
(306, '32190588', '5', '3'),
(307, '32202052', '5', '5'),
(308, '32485936', '4', '2'),
(309, '32490114', '1', '2'),
(310, '32859867', '4', '1'),
(311, '33141138', '5', '1'),
(312, '33226002', '4', '3'),
(313, '33313474', '3', '4'),
(314, '33473437', '1', '5'),
(315, '33568041', '4', '1'),
(316, '33759029', '1', '4'),
(317, '33982861', '1', '1'),
(318, '34203576', '3', '2'),
(319, '34214602', '3', '5'),
(320, '34405383', '1', '4'),
(321, '34435595', '5', '4'),
(322, '34556382', '1', '3'),
(323, '34616611', '3', '3'),
(324, '34647608', '3', '2'),
(325, '34647837', '2', '4'),
(326, '34683408', '1', '5'),
(327, '34736449', '4', '4'),
(328, '34804544', '2', '4'),
(329, '35005476', '4', '4'),
(330, '35083108', '2', '2'),
(331, '35113485', '2', '3'),
(332, '35135647', '1', '2'),
(333, '35195047', '4', '5'),
(334, '35273028', '4', '1'),
(335, '35339687', '2', '4'),
(336, '35357940', '1', '5'),
(337, '35469445', '1', '3'),
(338, '35476146', '1', '5'),
(339, '35702405', '4', '4'),
(340, '35890720', '5', '1'),
(341, '35993100', '1', '2'),
(342, '36039791', '3', '4'),
(343, '36095117', '4', '1'),
(344, '36101122', '5', '2'),
(345, '36574810', '4', '5'),
(346, '36646784', '1', '4'),
(347, '36701131', '1', '3'),
(348, '36708659', '2', '5'),
(349, '37053963', '2', '4'),
(350, '37154479', '4', '2'),
(351, '37298579', '5', '3'),
(352, '37355883', '5', '2'),
(353, '37525989', '4', '1'),
(354, '37539160', '4', '2'),
(355, '37555597', '4', '2'),
(356, '37633318', '3', '4'),
(357, '37647698', '1', '1'),
(358, '37662059', '4', '1'),
(359, '37672201', '3', '5'),
(360, '37890278', '1', '1'),
(361, '37995126', '2', '5'),
(362, '38037061', '5', '2'),
(363, '38083150', '2', '1'),
(364, '38085499', '4', '2'),
(365, '38231919', '4', '5'),
(366, '38262043', '5', '4'),
(367, '38528101', '3', '3'),
(368, '38805936', '2', '4'),
(369, '38823824', '2', '2'),
(370, '38905469', '4', '2'),
(371, '38910470', '4', '1'),
(372, '38986314', '1', '4'),
(373, '39009920', '2', '1'),
(374, '39038029', '1', '4'),
(375, '39077950', '5', '4'),
(376, '39188540', '5', '2'),
(377, '39350527', '4', '3'),
(378, '39511331', '2', '5'),
(379, '39557544', '3', '1'),
(380, '39579812', '5', '2'),
(381, '39869074', '5', '4'),
(382, '39917768', '5', '3'),
(383, '39955586', '4', '3'),
(384, '40115818', '5', '5'),
(385, '40157696', '3', '1'),
(386, '40162140', '1', '5'),
(387, '40208008', '5', '5'),
(388, '40215280', '2', '1'),
(389, '40253787', '3', '1'),
(390, '40307800', '2', '4'),
(391, '40374949', '4', '2'),
(392, '40375762', '1', '1'),
(393, '40506302', '3', '3'),
(394, '40551951', '5', '2'),
(395, '40648934', '3', '1'),
(396, '40651422', '5', '4'),
(397, '40783345', '4', '5'),
(398, '40835259', '2', '3'),
(399, '40842295', '3', '4'),
(400, '40935539', '3', '5'),
(401, '40985947', '4', '4'),
(402, '41042939', '5', '3'),
(403, '41054345', '1', '2'),
(404, '41565544', '1', '5'),
(405, '41611777', '3', '3'),
(406, '41630372', '4', '5'),
(407, '41852651', '4', '3'),
(408, '41876541', '5', '5'),
(409, '41908365', '5', '1'),
(410, '42044352', '3', '5'),
(411, '42058373', '4', '3'),
(412, '42325604', '4', '4'),
(413, '42566786', '1', '3'),
(414, '42615408', '4', '5'),
(415, '42637929', '3', '4'),
(416, '42784524', '1', '1'),
(417, '42894582', '5', '5'),
(418, '42918097', '3', '5'),
(419, '42929307', '1', '1'),
(420, '43017638', '4', '1'),
(421, '43166305', '3', '2'),
(422, '43231775', '1', '1'),
(423, '43509041', '2', '1'),
(424, '43649648', '5', '5'),
(425, '43786565', '3', '3'),
(426, '44137205', '5', '3'),
(427, '44190538', '4', '1'),
(428, '44459253', '1', '4'),
(429, '44699437', '2', '3'),
(430, '44934323', '4', '2'),
(431, '44968892', '2', '1'),
(432, '44996154', '1', '1'),
(433, '45000829', '3', '5'),
(434, '45201646', '4', '2'),
(435, '45234590', '3', '2'),
(436, '45288838', '5', '1'),
(437, '45293856', '4', '3'),
(438, '45307676', '2', '5'),
(439, '45415067', '3', '5'),
(440, '45416781', '1', '1'),
(441, '45416798', '4', '1'),
(442, '45474521', '5', '5'),
(443, '45475092', '4', '4'),
(444, '45632495', '4', '2'),
(445, '45779169', '3', '1'),
(446, '45796807', '1', '4'),
(447, '45919060', '1', '1'),
(448, '46012814', '4', '5'),
(449, '46119261', '2', '2'),
(450, '46365507', '1', '4'),
(451, '46528278', '3', '4'),
(452, '46565648', '3', '4'),
(453, '46606792', '4', '4'),
(454, '46623331', '2', '3'),
(455, '47017320', '1', '3'),
(456, '47080331', '3', '5'),
(457, '47125797', '3', '5'),
(458, '47294806', '3', '3'),
(459, '47493964', '1', '4'),
(460, '47633674', '2', '2'),
(461, '48047661', '2', '5'),
(462, '48144810', '3', '2'),
(463, '48148375', '4', '5'),
(464, '48376266', '5', '5'),
(465, '48385480', '2', '2'),
(466, '48415439', '2', '1'),
(467, '48492096', '1', '3'),
(468, '48580649', '3', '2'),
(469, '48619165', '1', '3'),
(470, '48637503', '2', '5'),
(471, '48856416', '5', '2'),
(472, '48872973', '1', '1'),
(473, '48898553', '1', '2'),
(474, '48992138', '5', '3'),
(475, '49186956', '3', '1'),
(476, '49269154', '1', '1'),
(477, '49273403', '1', '5'),
(478, '49422764', '2', '3'),
(479, '49459043', '5', '2'),
(480, '49489644', '1', '2'),
(481, '49530063', '2', '1'),
(482, '49579697', '3', '2'),
(483, '49696691', '1', '4'),
(484, '49735833', '4', '5'),
(485, '49796308', '4', '5'),
(486, '49868395', '3', '1'),
(487, '49917840', '3', '1'),
(488, '50161287', '3', '2'),
(489, '50212910', '4', '1'),
(490, '50695034', '4', '2'),
(491, '50755080', '4', '5'),
(492, '50820269', '1', '2'),
(493, '50917099', '2', '2'),
(494, '51136260', '4', '5'),
(495, '51176570', '5', '5'),
(496, '51332815', '3', '1'),
(497, '51389895', '5', '3'),
(498, '51625603', '3', '2'),
(499, '51895303', '1', '5'),
(500, '51923037', '5', '1'),
(501, '51969974', '2', '3'),
(502, '52049095', '1', '2'),
(503, '52055065', '1', '3'),
(504, '52099403', '5', '4'),
(505, '52505171', '1', '2'),
(506, '52606120', '5', '1'),
(507, '52870187', '1', '3'),
(508, '52890833', '1', '1'),
(509, '52987458', '2', '3'),
(510, '53084743', '4', '2'),
(511, '53208859', '1', '2'),
(512, '53420725', '1', '2'),
(513, '53563903', '2', '4'),
(514, '53583543', '2', '1'),
(515, '53700902', '4', '1'),
(516, '53746504', '2', '5'),
(517, '53769022', '2', '2'),
(518, '53817136', '2', '1'),
(519, '53862099', '2', '3'),
(520, '54234833', '3', '5'),
(521, '54545212', '1', '1'),
(522, '54616110', '4', '3'),
(523, '54639775', '5', '3'),
(524, '54894587', '2', '2'),
(525, '54898943', '1', '1'),
(526, '55137096', '4', '5'),
(527, '55209984', '3', '2'),
(528, '55307437', '2', '1'),
(529, '55347815', '4', '3'),
(530, '55373852', '1', '1'),
(531, '55452465', '2', '4'),
(532, '55531214', '3', '1'),
(533, '55687942', '2', '2'),
(534, '55704076', '4', '2'),
(535, '55704779', '3', '5'),
(536, '55784603', '1', '2'),
(537, '55815963', '2', '3'),
(538, '55988032', '1', '3'),
(539, '56100679', '5', '3'),
(540, '56215113', '2', '2'),
(541, '56334357', '4', '2'),
(542, '56575606', '1', '2'),
(543, '56601251', '4', '3'),
(544, '56672251', '5', '4'),
(545, '56742503', '3', '4'),
(546, '56743166', '2', '2'),
(547, '56792010', '5', '1'),
(548, '56870695', '2', '1'),
(549, '56886177', '2', '3'),
(550, '56910995', '2', '4'),
(551, '56921809', '2', '5'),
(552, '56946833', '2', '4'),
(553, '56986020', '4', '3'),
(554, '57098616', '5', '3'),
(555, '57410418', '3', '3'),
(556, '57680545', '4', '4'),
(557, '57966403', '4', '5'),
(558, '58077986', '2', '2'),
(559, '58140659', '5', '4'),
(560, '58248607', '4', '1'),
(561, '58524954', '1', '2'),
(562, '58529188', '1', '5'),
(563, '58849354', '5', '1'),
(564, '58868447', '5', '3'),
(565, '58955024', '2', '2'),
(566, '59170808', '5', '5'),
(567, '59384861', '3', '5'),
(568, '59484288', '3', '1'),
(569, '59509790', '5', '2'),
(570, '59728955', '1', '3'),
(571, '59769514', '4', '1'),
(572, '59798347', '4', '1'),
(573, '59933755', '2', '2'),
(574, '59937463', '1', '4'),
(575, '60034892', '3', '5'),
(576, '60086990', '4', '5'),
(577, '60102386', '1', '3'),
(578, '60503602', '4', '1'),
(579, '60767585', '2', '1'),
(580, '60782502', '3', '2'),
(581, '60917393', '2', '3'),
(582, '61039292', '4', '5'),
(583, '61088504', '5', '5'),
(584, '61099463', '5', '1'),
(585, '61159006', '1', '4'),
(586, '61173101', '5', '4'),
(587, '61180000', '5', '4'),
(588, '61213982', '5', '2'),
(589, '61251823', '5', '1'),
(590, '61271807', '1', '2'),
(591, '61350953', '1', '3'),
(592, '61547018', '5', '3'),
(593, '61634497', '3', '1'),
(594, '61884908', '3', '5'),
(595, '61946088', '2', '4'),
(596, '61970137', '4', '1'),
(597, '62026871', '4', '2'),
(598, '62134613', '4', '3'),
(599, '62172219', '3', '4'),
(600, '62186476', '4', '5'),
(601, '62274999', '2', '3'),
(602, '62350549', '1', '3'),
(603, '62373753', '1', '4'),
(604, '62469524', '4', '5'),
(605, '62526609', '1', '2'),
(606, '62648769', '5', '4'),
(607, '63384284', '2', '5'),
(608, '63547436', '3', '5'),
(609, '63622669', '2', '5'),
(610, '63705317', '3', '1'),
(611, '63745528', '4', '1'),
(612, '63800562', '4', '5'),
(613, '63917628', '1', '5'),
(614, '63980905', '3', '5'),
(615, '64003580', '5', '3'),
(616, '64090429', '3', '5'),
(617, '64090726', '4', '4'),
(618, '64151953', '2', '5'),
(619, '64159676', '5', '2'),
(620, '64290614', '3', '4'),
(621, '64329789', '3', '2'),
(622, '64632179', '1', '5'),
(623, '64712147', '3', '1'),
(624, '65248126', '4', '2'),
(625, '65347744', '1', '5'),
(626, '65366172', '4', '5'),
(627, '65409107', '4', '5'),
(628, '65545102', '1', '3'),
(629, '65756294', '5', '5'),
(630, '65829110', '1', '4'),
(631, '65860311', '4', '5'),
(632, '66033837', '4', '5'),
(633, '66091554', '4', '2'),
(634, '66112228', '2', '1'),
(635, '66116509', '2', '2'),
(636, '66298731', '1', '4'),
(637, '66541608', '3', '3'),
(638, '66563372', '5', '3'),
(639, '66880820', '1', '5'),
(640, '66917472', '1', '3'),
(641, '67259526', '2', '2'),
(642, '67539802', '5', '1'),
(643, '67658213', '4', '3'),
(644, '67715749', '1', '5'),
(645, '67776214', '2', '1'),
(646, '67996650', '2', '3'),
(647, '68081676', '4', '2'),
(648, '68126087', '2', '2'),
(649, '68527617', '4', '2'),
(650, '68547561', '5', '5'),
(651, '68801717', '4', '1'),
(652, '68861339', '2', '3'),
(653, '69011634', '3', '4'),
(654, '69132698', '1', '2'),
(655, '69138751', '5', '3'),
(656, '69473197', '3', '4'),
(657, '69527708', '5', '3'),
(658, '69622403', '3', '1'),
(659, '70034769', '5', '2'),
(660, '70326147', '2', '3'),
(661, '70421910', '5', '3'),
(662, '70571806', '2', '4'),
(663, '70735147', '5', '5'),
(664, '70796612', '2', '3'),
(665, '70851069', '5', '2'),
(666, '70919110', '4', '2'),
(667, '70942439', '5', '2'),
(668, '71014401', '3', '1'),
(669, '71027807', '2', '5'),
(670, '71115979', '1', '4'),
(671, '71215655', '2', '2'),
(672, '71217666', '5', '3'),
(673, '71359519', '2', '5'),
(674, '71425481', '4', '2'),
(675, '71440705', '5', '2'),
(676, '71461298', '5', '4'),
(677, '71468426', '3', '3'),
(678, '71532882', '1', '2'),
(679, '71572109', '1', '4'),
(680, '71628851', '1', '4'),
(681, '71680293', '5', '2'),
(682, '71892511', '5', '2'),
(683, '72117934', '4', '2'),
(684, '72211939', '2', '1'),
(685, '72389256', '5', '5'),
(686, '72417072', '4', '4'),
(687, '72466858', '3', '5'),
(688, '72570203', '4', '4'),
(689, '72639801', '1', '2'),
(690, '72660874', '1', '2'),
(691, '72890240', '5', '2'),
(692, '73188780', '1', '2'),
(693, '73255987', '2', '2'),
(694, '73380184', '4', '4'),
(695, '73426608', '4', '1'),
(696, '73484219', '4', '5'),
(697, '73496793', '1', '1'),
(698, '74136254', '1', '1'),
(699, '74301232', '5', '5'),
(700, '74373611', '1', '5'),
(701, '74376551', '3', '2'),
(702, '74610549', '5', '1'),
(703, '74847105', '1', '2'),
(704, '74906604', '1', '1'),
(705, '74972944', '5', '2'),
(706, '75129736', '1', '3'),
(707, '75147174', '2', '3'),
(708, '75273927', '2', '3'),
(709, '75275020', '5', '4'),
(710, '75412197', '5', '1'),
(711, '75575410', '5', '1'),
(712, '75612986', '4', '4'),
(713, '75820695', '3', '4'),
(714, '75846527', '1', '1'),
(715, '75944223', '4', '5'),
(716, '76038365', '5', '5'),
(717, '76377372', '4', '1'),
(718, '76425004', '1', '4'),
(719, '76583384', '4', '5'),
(720, '76635090', '4', '4'),
(721, '76697173', '4', '2'),
(722, '76778995', '5', '3'),
(723, '76889608', '5', '4'),
(724, '76899836', '3', '1'),
(725, '77052261', '3', '2'),
(726, '77122049', '3', '2'),
(727, '77225412', '1', '3'),
(728, '77572646', '5', '4'),
(729, '77794017', '3', '4'),
(730, '77933645', '5', '5'),
(731, '78229716', '4', '3'),
(732, '78242401', '5', '2'),
(733, '78607002', '3', '4'),
(734, '79052153', '4', '4'),
(735, '79107730', '1', '5'),
(736, '79203975', '5', '1'),
(737, '79245449', '2', '5'),
(738, '79602600', '2', '3'),
(739, '79645843', '2', '3'),
(740, '79690614', '5', '3'),
(741, '79980586', '3', '4'),
(742, '80140085', '3', '3'),
(743, '80197775', '5', '3'),
(744, '80355557', '2', '5'),
(745, '80358572', '1', '1'),
(746, '80591009', '4', '3'),
(747, '80758402', '2', '1'),
(748, '81012114', '1', '2'),
(749, '81100507', '4', '2'),
(750, '81360376', '4', '2'),
(751, '81532186', '3', '3'),
(752, '81578580', '3', '3'),
(753, '81614950', '5', '4'),
(754, '81675081', '4', '1'),
(755, '81845767', '3', '2'),
(756, '81896363', '1', '3'),
(757, '81962228', '2', '2'),
(758, '81964680', '1', '2'),
(759, '81967025', '5', '5'),
(760, '82144395', '5', '5'),
(761, '82193072', '4', '4'),
(762, '82291266', '4', '3'),
(763, '82305413', '4', '1'),
(764, '82383572', '5', '1'),
(765, '82499471', '3', '5'),
(766, '82522445', '2', '4'),
(767, '82727796', '1', '5'),
(768, '82922504', '5', '4'),
(769, '83006029', '4', '4'),
(770, '83245169', '4', '1'),
(771, '83391064', '5', '3'),
(772, '83436536', '2', '5'),
(773, '83482502', '1', '4'),
(774, '83571916', '5', '3'),
(775, '83958199', '2', '5'),
(776, '84110596', '3', '2'),
(777, '84189394', '1', '4'),
(778, '84395382', '3', '1'),
(779, '84436627', '4', '1'),
(780, '84480255', '2', '5'),
(781, '84777638', '2', '2'),
(782, '84798350', '2', '2'),
(783, '84887962', '4', '3'),
(784, '84897831', '4', '2'),
(785, '84919892', '1', '4'),
(786, '85127074', '2', '1'),
(787, '85212817', '4', '3'),
(788, '85236073', '5', '1'),
(789, '85296701', '5', '5'),
(790, '85575196', '5', '5'),
(791, '85629288', '5', '3'),
(792, '85648975', '4', '3'),
(793, '85660618', '3', '1'),
(794, '85711730', '4', '1'),
(795, '85727915', '2', '5'),
(796, '85749733', '1', '3'),
(797, '85902015', '3', '2'),
(798, '85944305', '5', '3'),
(799, '85950931', '1', '4'),
(800, '86033466', '3', '3'),
(801, '86174855', '1', '5'),
(802, '86210225', '2', '1'),
(803, '86355698', '2', '3'),
(804, '86903479', '1', '2'),
(805, '86936132', '4', '2'),
(806, '87005585', '3', '5'),
(807, '87092783', '1', '4'),
(808, '87211016', '5', '4'),
(809, '87266245', '3', '2'),
(810, '87626865', '3', '1'),
(811, '87820799', '4', '1'),
(812, '87935417', '1', '2'),
(813, '88136776', '1', '4'),
(814, '88212692', '3', '4'),
(815, '88221397', '4', '3'),
(816, '88234144', '2', '5'),
(817, '88262307', '5', '2'),
(818, '88301570', '1', '1'),
(819, '88537924', '4', '1'),
(820, '88683454', '1', '3'),
(821, '88702506', '5', '3'),
(822, '89020579', '4', '5'),
(823, '89108321', '2', '3'),
(824, '89529560', '2', '3'),
(825, '89530825', '1', '4'),
(826, '89881330', '5', '4'),
(827, '89955116', '5', '1'),
(828, '89966419', '5', '3'),
(829, '90078392', '1', '1'),
(830, '90172946', '4', '4'),
(831, '90228186', '5', '5'),
(832, '90315282', '4', '4'),
(833, '90334436', '1', '1'),
(834, '90974243', '1', '4'),
(835, '91224071', '1', '5'),
(836, '91290533', '1', '4'),
(837, '91312013', '3', '5'),
(838, '91418388', '5', '3'),
(839, '91442772', '4', '1'),
(840, '91460196', '2', '5'),
(841, '91570116', '5', '5'),
(842, '91686459', '2', '5'),
(843, '91779663', '2', '2'),
(844, '91863461', '4', '5'),
(845, '91937797', '1', '2'),
(846, '91940933', '2', '4'),
(847, '92074415', '4', '3'),
(848, '92095496', '5', '2'),
(849, '92282520', '4', '3'),
(850, '92288799', '3', '3'),
(851, '92300026', '5', '1'),
(852, '92307308', '4', '4'),
(853, '92327757', '1', '1'),
(854, '92366763', '2', '1'),
(855, '92374560', '3', '1'),
(856, '92470569', '2', '4'),
(857, '92608467', '3', '2'),
(858, '92676282', '2', '2'),
(859, '92738652', '2', '5'),
(860, '92750807', '3', '4'),
(861, '92965607', '5', '3'),
(862, '92975552', '1', '2'),
(863, '93137447', '3', '3'),
(864, '93143769', '5', '1'),
(865, '93262491', '3', '3'),
(866, '93336109', '1', '5'),
(867, '93470520', '5', '2'),
(868, '93742009', '4', '5'),
(869, '93854979', '5', '2'),
(870, '93958998', '5', '5'),
(871, '93976794', '4', '3'),
(872, '94105872', '5', '3'),
(873, '94166927', '3', '3'),
(874, '94412819', '2', '4'),
(875, '94460209', '5', '3'),
(876, '94548723', '3', '1'),
(877, '94625189', '3', '3'),
(878, '94835151', '1', '3'),
(879, '95115566', '1', '5'),
(880, '95187631', '5', '4'),
(881, '95726526', '1', '2'),
(882, '95760353', '4', '2'),
(883, '95886336', '1', '5'),
(884, '95941493', '4', '5'),
(885, '96229095', '3', '3'),
(886, '96413913', '5', '4'),
(887, '96428689', '5', '2'),
(888, '96445334', '1', '2'),
(889, '96597026', '4', '3'),
(890, '96629673', '1', '4'),
(891, '96642153', '5', '3'),
(892, '96675670', '4', '2'),
(893, '96803219', '5', '1'),
(894, '97082095', '3', '2'),
(895, '97088035', '1', '2'),
(896, '97104469', '1', '5'),
(897, '97135081', '4', '2'),
(898, '97195955', '5', '2'),
(899, '97458135', '2', '3'),
(900, '97608325', '3', '1'),
(901, '97907183', '3', '3'),
(902, '98244164', '2', '2'),
(903, '98300921', '4', '1'),
(904, '98303601', '4', '1'),
(905, '98340460', '2', '2'),
(906, '98541591', '4', '2'),
(907, '98634569', '2', '1'),
(908, '98830541', '1', '5'),
(909, '99133207', '1', '3'),
(910, '99164713', '2', '4'),
(911, '99316334', '1', '4'),
(912, '99437831', '5', '2'),
(913, '99482947', '4', '4'),
(914, '99623210', '1', '1'),
(915, '99695606', '2', '3'),
(916, '99783969', '1', '5'),
(917, '99960704', '5', '2');

-- --------------------------------------------------------

--
-- Table structure for table `publisher`
--

CREATE TABLE `publisher` (
  `id` int(11) NOT NULL,
  `name` varchar(100) NOT NULL,
  `city` varchar(100) NOT NULL,
  `contact` varchar(100) NOT NULL
) ENGINE=InnoDB DEFAULT CHARSET=latin1;

--
-- Dumping data for table `publisher`
--

INSERT INTO `publisher` (`id`, `name`, `city`, `contact`) VALUES
(1, 'Ullrich Ltd', 'North Colbymouth', '287799'),
(2, 'Eichmann and Sons', 'Huldamouth', '652513'),
(3, 'Schaefer LLC', 'East Aniya', '459658'),
(4, 'Mitchell Inc', 'Tyrafort', '587670'),
(5, 'Wunsch, Metz and Gottlieb', 'North Mireillehaven', '791664'),
(6, 'Schmitt Ltd', 'Port Okey', '223460'),
(7, 'Maggio, Baumbach and Ryan', 'Rauport', '795461'),
(8, 'Champlin-Cartwright', 'Feeneyport', '135592'),
(9, 'Klocko-Grady', 'Parisianport', '433280'),
(10, 'Brakus-Morar', 'East Gloria', '230514'),
(11, 'Lebsack, Wyman and Marks', 'Kiehnmouth', '939528'),
(12, 'Jerde and Sons', 'West Mable', '607149'),
(13, 'Abernathy-Lueilwitz', 'Port Sonya', '844969'),
(14, 'Ortiz and Sons', 'Lake Adaline', '998077'),
(15, 'Brakus, Braun and Welch', 'Tianamouth', '501221'),
(16, 'Kirlin, Nienow and Lakin', 'North Leonard', '367703'),
(17, 'Bartoletti PLC', 'Lake Evie', '175185'),
(18, 'Zieme-Nolan', 'Marisolmouth', '277787'),
(19, 'Osinski, D\'Amore and Casper', 'Ritchiefurt', '521673'),
(20, 'Prohaska, Robel and Hickle', 'Jaidenland', '888805'),
(21, 'Hintz-Wiegand', 'New Reaganstad', '801659'),
(22, 'O\'Conner LLC', 'Handburgh', '505827'),
(23, 'Sporer, Hilpert and Jast', 'West Nasir', '543445'),
(24, 'Pouros Group', 'South Armandfurt', '184914'),
(25, 'Sipes, Kassulke and Armstrong', 'Leslystad', '864987'),
(26, 'Friesen Group', 'Kuhnfort', '864500'),
(27, 'Feeney, Lind and Gaylord', 'Jalynton', '379972'),
(28, 'Hagenes and Sons', 'Collinsside', '547607'),
(29, 'Murray, Friesen and Vandervort', 'Lydiaville', '782267'),
(30, 'Schaden-Wisoky', 'Bernierburgh', '495184');

-- --------------------------------------------------------

--
-- Table structure for table `students`
--

CREATE TABLE `students` (
  `id` int(11) NOT NULL,
  `name` varchar(100) NOT NULL,
  `contact` varchar(100) NOT NULL
) ENGINE=InnoDB DEFAULT CHARSET=latin1;

--
-- Dumping data for table `students`
--

INSERT INTO `students` (`id`, `name`, `contact`) VALUES
(1, 'Rene Kihn', '445255'),
(2, 'Kariane Franecki', '389981'),
(3, 'Larissa Jenkins', '262197'),
(4, 'Clint O\'Conner', '389612'),
(5, 'Napoleon Trantow', '861805'),
(6, 'Frank Johnston', '567193'),
(7, 'Millie Graham', '885641'),
(8, 'Vickie Nader', '130072'),
(9, 'Ms. Rowena Lemke PhD', '118461'),
(10, 'Dr. Elise Ullrich PhD', '632253'),
(11, 'Mr. Nick Morar Jr.', '423768'),
(12, 'Mrs. Shyanne Gerlach', '758646'),
(13, 'Dedric Ratke', '530526'),
(14, 'Dr. Clair Boehm', '165950'),
(15, 'Angelica Bradtke', '426060'),
(16, 'Julie Herzog', '234333'),
(17, 'Herminio Muller', '546634'),
(18, 'Caden Braun', '697880'),
(19, 'Jazmyne Bogisich V', '949093'),
(20, 'Marlene Stamm', '144451'),
(21, 'Karianne Swaniawski DDS', '775890'),
(22, 'Ms. Henriette Fritsch', '567375'),
(23, 'Garry Roberts DVM', '801603'),
(24, 'Monroe Morissette', '631969'),
(25, 'Kareem Pfeffer', '627775'),
(26, 'Micheal Legros', '643475'),
(27, 'Zakary Keebler', '335830'),
(28, 'Dasia Nikolaus', '718030'),
(29, 'Gwendolyn Leannon', '657693'),
(30, 'Akeem Green', '777118'),
(31, 'Miss Taya Grant', '779520'),
(32, 'Giuseppe Wuckert DVM', '381153'),
(33, 'Camren Nader', '903366'),
(34, 'Alfreda Schmeler', '454880'),
(35, 'Elton Reinger', '977268'),
(36, 'Prof. Stefanie Sipes Jr.', '274337'),
(37, 'Kory Kris', '482670'),
(38, 'Garrison Ankunding', '529862'),
(39, 'Marlene Reichel', '599202'),
(40, 'Lily Larson', '643118'),
(41, 'Delpha Botsford', '200283'),
(42, 'Reyna Fadel', '756829'),
(43, 'Bethel Abbott', '693653'),
(44, 'Andre Runolfsson', '849127'),
(45, 'Dr. Bennett Steuber II', '821904'),
(46, 'Alysha Willms', '316454'),
(47, 'Mrs. Tabitha Lowe', '469660'),
(48, 'Prof. Keara Kautzer', '695575'),
(49, 'Abigail Zulauf', '791613'),
(50, 'Lura Johns', '870961'),
(51, 'Felicity Schinner II', '509501'),
(52, 'Donato Boyle Jr.', '658603'),
(53, 'Miss Camille Rowe', '246129'),
(54, 'Mitchel West', '371916'),
(55, 'Maybell Glover V', '335440'),
(56, 'Prof. Theo Wolf', '223249'),
(57, 'Breanna Walker', '734449'),
(58, 'Micaela Upton', '958250'),
(59, 'Garrison Stanton', '975098'),
(60, 'Dr. Erik Stoltenberg Sr.', '575979'),
(61, 'Ashly Bauch', '242290'),
(62, 'Odessa Block', '634752'),
(63, 'Deangelo Klein', '770699'),
(64, 'Nicholaus Prohaska', '472257'),
(65, 'Miles Orn', '855026'),
(66, 'Etha Abernathy', '886727'),
(67, 'Camille Mitchell', '158689'),
(68, 'Wava Raynor MD', '876170'),
(69, 'Jannie Boehm', '165893'),
(70, 'Demetris Zieme Jr.', '622260'),
(71, 'Tianna Tremblay', '180447'),
(72, 'Rosemarie Rogahn', '107575'),
(73, 'Bartholome Pfeffer', '907450'),
(74, 'Monica Monahan I', '313439'),
(75, 'Mrs. Eunice Abshire', '835584'),
(76, 'Dr. Joan Daniel II', '738324'),
(77, 'Taurean Reichel', '629544'),
(78, 'Prof. Claude Weimann', '483486'),
(79, 'Alyce McCullough I', '870398'),
(80, 'Dr. Stephanie Reilly', '216686'),
(81, 'Miss Corrine Gerhold Sr.', '135998'),
(82, 'Prof. Shanny Lind MD', '636977'),
(83, 'Doug Quitzon Jr.', '463053'),
(84, 'Elyse Champlin', '103479'),
(85, 'Marian Lesch', '852585'),
(86, 'Dillon Sporer', '998375'),
(87, 'Esta Schimmel', '760798'),
(88, 'Sandy Adams V', '367043'),
(89, 'Jamaal Bartoletti', '218412'),
(90, 'Mr. Maxwell Pagac', '988885'),
(91, 'Jordy Gerhold PhD', '363449'),
(92, 'Camden Towne', '535379'),
(93, 'Harold Casper', '535828'),
(94, 'Dr. Elroy Morar V', '195150'),
(95, 'Greyson Lebsack PhD', '348265'),
(96, 'Adam Hartmann', '878042'),
(97, 'Baylee Cartwright', '867982'),
(98, 'Angelita Bergstrom', '797916'),
(99, 'Lurline Mann MD', '529625'),
(100, 'Verlie Von', '938316'),
(101, 'Rachel Trantow II', '657325'),
(102, 'Prof. Junior Leannon IV', '940509'),
(103, 'Ms. Lucinda Ullrich Jr.', '323641'),
(104, 'Mrs. Lexi Grant PhD', '877962'),
(105, 'Prudence Bailey', '129518'),
(106, 'Coy Hessel', '857681'),
(107, 'Jaqueline Rosenbaum', '618081'),
(108, 'Berneice Roob', '493457'),
(109, 'Melody Schuster', '237785'),
(110, 'Clifford Hills', '406181'),
(111, 'Theresia Block', '511595'),
(112, 'Prof. Curt Hessel', '422914'),
(113, 'Oran West', '558782'),
(114, 'Dr. Natalie Ryan V', '544040'),
(115, 'Reta Welch MD', '521119'),
(116, 'Stevie Marquardt Jr.', '443028'),
(117, 'Okey Hessel II', '106975'),
(118, 'Mr. Kennith Sawayn DVM', '600003'),
(119, 'Ms. Chanelle Gorczany', '511080'),
(120, 'Lenna Strosin', '593943'),
(121, 'Boris Bartoletti I', '582548'),
(122, 'Tyrique Koch', '166069'),
(123, 'Ford Greenholt', '267730'),
(124, 'Jaylon Ullrich', '606449'),
(125, 'Delphine Dach V', '701692'),
(126, 'Anissa Witting', '658558'),
(127, 'Prof. Johann Ferry V', '223214'),
(128, 'Kiara Hackett V', '168580'),
(129, 'Miss Queenie Towne', '919926'),
(130, 'Tiara Mitchell', '349039'),
(131, 'Judy Friesen PhD', '858826'),
(132, 'Jadyn Shields PhD', '258549'),
(133, 'Paul Johnston Sr.', '170252'),
(134, 'Ezra Mertz', '228280'),
(135, 'Llewellyn Koelpin', '911085'),
(136, 'Janice Bins', '913073'),
(137, 'Johnathon Turcotte V', '604736'),
(138, 'Lilly Oberbrunner', '560890'),
(139, 'Rolando Krajcik', '848471'),
(140, 'Arlene Marvin', '177561'),
(141, 'Lelia Koch I', '260529'),
(142, 'Dr. Thalia Reichert', '433814'),
(143, 'Lauretta Schneider', '866549'),
(144, 'Dr. Hailey Schiller V', '326976'),
(145, 'Kamron Monahan', '222270'),
(146, 'Jonathon Schmidt', '463537'),
(147, 'Vivian Windler', '298234'),
(148, 'Johnny Bashirian', '325995'),
(149, 'Terrill O\'Kon', '681163'),
(150, 'Elenora Koepp', '208175'),
(151, 'Ola Hettinger', '873175'),
(152, 'Abel Rippin', '513573'),
(153, 'Buck Hegmann', '910313'),
(154, 'Abbey Moen', '319013'),
(155, 'Delilah Murazik', '871588'),
(156, 'Mrs. Juanita Flatley V', '964069'),
(157, 'Dr. Hilma Collins IV', '536397'),
(158, 'Reed Goyette', '171956'),
(159, 'Prof. Rosie Hudson', '250727'),
(160, 'Lacey Murray', '881661'),
(161, 'Sebastian Konopelski III', '172313'),
(162, 'Bret Balistreri', '820206'),
(163, 'Jessika DuBuque', '825873'),
(164, 'Kailyn Schuster', '963991'),
(165, 'Tad Schamberger', '543896'),
(166, 'Flossie West', '384080'),
(167, 'Mr. Eliseo Walsh PhD', '641240'),
(168, 'Simeon Simonis', '993044'),
(169, 'Marcellus Farrell PhD', '294546'),
(170, 'Prof. Krista Hoeger', '728941'),
(171, 'Lavina Bruen', '714721'),
(172, 'Mariano Schmitt Sr.', '861583'),
(173, 'Chaz Monahan', '742859'),
(174, 'Prof. Chase Hilll', '504220'),
(175, 'Virgie Stark', '323632'),
(176, 'Prof. Carmelo Bergstrom', '528411'),
(177, 'Aniyah Bahringer IV', '922560'),
(178, 'Vivienne Batz', '569289'),
(179, 'Lillie O\'Hara', '493543'),
(180, 'Jeanne Bashirian', '359523'),
(181, 'Miss Romaine Tromp', '274537'),
(182, 'Thomas Hilll', '893167'),
(183, 'Sarina Sauer Sr.', '375376'),
(184, 'Prof. Donna Monahan', '184841'),
(185, 'Rubie Rosenbaum III', '262349'),
(186, 'Dr. Gracie Macejkovic DDS', '422514'),
(187, 'Arturo Kub', '710369'),
(188, 'Miss Annalise Mayert', '702405'),
(189, 'Prof. Hellen Mills', '360244'),
(190, 'Miss Liana Ryan IV', '182194'),
(191, 'Mayra Cremin', '116597'),
(192, 'Wilmer Wilderman', '880611'),
(193, 'Keith Fisher', '496625'),
(194, 'Grace Barton', '515803'),
(195, 'Mr. Ulices Rohan', '946266'),
(196, 'Harley Dickinson', '554914'),
(197, 'Dessie Feil', '283294'),
(198, 'Patsy Goodwin II', '114685'),
(199, 'Jakob Ledner II', '925297'),
(200, 'Melvin Schneider', '112141'),
(201, 'Alexa Jerde', '530697'),
(202, 'Vicente Parisian', '191427'),
(203, 'Britney Hackett III', '501598'),
(204, 'Romaine Schimmel', '866135'),
(205, 'Felipe Will', '592619'),
(206, 'Joanny Ledner', '719911'),
(207, 'Ford Kirlin', '889662'),
(208, 'Leola Vandervort', '595834'),
(209, 'Gretchen Stroman', '363448'),
(210, 'Ethan Jenkins', '788906'),
(211, 'Thomas Hills', '989349'),
(212, 'Amanda Koelpin', '494454'),
(213, 'Mr. Lorenza Cormier', '845830'),
(214, 'Mr. Dejuan Barrows', '140745'),
(215, 'Richard Hansen', '834262'),
(216, 'Nelda Von', '696240'),
(217, 'Ludie Towne', '640178'),
(218, 'Jerome Robel', '468805'),
(219, 'Kasey Gleason', '693805'),
(220, 'Jamie Dare', '453745'),
(221, 'Dr. Jose Gleason DDS', '508285'),
(222, 'Derick Schroeder', '566349'),
(223, 'Dr. Kaitlin Green DDS', '688204'),
(224, 'Lisandro Fahey', '675693'),
(225, 'Misty Blick', '403663'),
(226, 'Lyda Strosin', '238206'),
(227, 'Dr. Vickie Langosh', '386276'),
(228, 'Kenneth Weimann', '610143'),
(229, 'Savannah Rau', '936517'),
(230, 'Sheila Kunze', '675558'),
(231, 'Andres Hagenes MD', '101129'),
(232, 'Prof. Kelton Pollich', '685225'),
(233, 'Hallie Mayer DVM', '838658'),
(234, 'Deangelo Larkin', '353855'),
(235, 'Stanton Adams II', '656950'),
(236, 'Rylan Keeling MD', '557254'),
(237, 'Miss Jewell Haley II', '946239'),
(238, 'Ms. Katlyn Kunde PhD', '773048'),
(239, 'Mr. Robb Turner Sr.', '655534'),
(240, 'Eugene Tillman', '962312'),
(241, 'Miss Alda Kshlerin Sr.', '132728'),
(242, 'Prof. Liza Collins IV', '485766'),
(243, 'Dr. Stephania Kovacek', '633061'),
(244, 'Miss Anne Nader III', '230372'),
(245, 'Mozell Brekke IV', '811902'),
(246, 'Yadira Kessler', '136338'),
(247, 'Mr. Kenneth Streich IV', '915105'),
(248, 'Mrs. Chanelle Grimes DVM', '444414'),
(249, 'Dr. Wilfredo Schuppe PhD', '273300'),
(250, 'Berry Schultz', '329014'),
(251, 'Reinhold Robel', '238874'),
(252, 'Dr. Keagan Koch', '119388'),
(253, 'Giovani Wolff II', '412782'),
(254, 'Ms. Gretchen Schulist', '307888'),
(255, 'Prof. Easter Zboncak V', '715022'),
(256, 'Ms. Loraine Hoppe DVM', '517409'),
(257, 'Franco Sipes', '417817'),
(258, 'Claudia O\'Hara', '430333'),
(259, 'Tod Hodkiewicz', '450014'),
(260, 'Skye O\'Conner', '654815'),
(261, 'Zack Parker', '895244'),
(262, 'Mark Predovic MD', '947521'),
(263, 'Mr. Bryon Mueller V', '843137'),
(264, 'Richie Herzog', '511618'),
(265, 'Davin Osinski', '800948'),
(266, 'Jennifer Larkin', '206099'),
(267, 'Zackary Hermiston III', '170527'),
(268, 'Maribel Price', '930314'),
(269, 'Bertha Heidenreich', '147584'),
(270, 'Dr. Trevion Russel III', '852436'),
(271, 'Laisha Marquardt', '915560'),
(272, 'Mrs. Cassandre Bode', '335723'),
(273, 'Dr. Stevie Kiehn', '626083'),
(274, 'Miss Melissa Muller V', '363379'),
(275, 'Tierra Brekke', '221763'),
(276, 'Dameon O\'Reilly', '246014'),
(277, 'Dr. Jaycee Koelpin II', '999299'),
(278, 'Nestor Denesik V', '909275'),
(279, 'Alexis Hauck', '258615'),
(280, 'Zelma Brakus', '644696'),
(281, 'Prof. Devante Beahan Sr.', '453776'),
(282, 'Ms. Rebekah Tillman I', '938182'),
(283, 'Pauline Veum', '178249'),
(284, 'Judson Beer', '273740'),
(285, 'Nicola Quigley', '879944'),
(286, 'Mr. Jovany Little PhD', '430099'),
(287, 'Elmer Cassin', '492289'),
(288, 'Sunny Durgan', '335376'),
(289, 'Jeramy Hayes', '278449'),
(290, 'Dr. Alan Ankunding', '766409'),
(291, 'Bradly Spencer II', '614405'),
(292, 'Prof. Buck Mueller I', '907481'),
(293, 'Mr. Micah Botsford DVM', '264054'),
(294, 'Yessenia Morar', '225855'),
(295, 'Tiara Satterfield', '871505'),
(296, 'Dr. Jett Kunze', '285370'),
(297, 'Alessia Ernser', '261620'),
(298, 'Ms. Sarina Terry Jr.', '709986'),
(299, 'Willie Spencer', '101091'),
(300, 'Prof. Jaqueline Green DVM', '980754'),
(301, 'Jordane Hayes PhD', '523746'),
(302, 'Brain Green', '976857'),
(303, 'Theresia Kemmer I', '947825'),
(304, 'Dock Cremin', '621278'),
(305, 'Mr. Ali Stroman', '480652'),
(306, 'Brooke Shanahan', '547377'),
(307, 'Holden Dibbert', '392329'),
(308, 'Fletcher Wiegand', '770898'),
(309, 'Ms. Shaylee Moen', '276398'),
(310, 'Irma Grant Jr.', '554700'),
(311, 'Michaela Hegmann', '521381'),
(312, 'Beaulah Grant', '989185'),
(313, 'Prof. Lonzo Hermiston MD', '544251'),
(314, 'Mrs. Alicia Schmeler', '143289'),
(315, 'Mr. Mortimer Trantow', '440768'),
(316, 'Tyreek Bosco', '789912'),
(317, 'Erich Effertz', '301547'),
(318, 'Frieda Ryan', '445981'),
(319, 'Mr. Lavon Bayer', '124789'),
(320, 'Ronaldo Champlin', '851250'),
(321, 'Mr. Kenneth Herman Sr.', '655912'),
(322, 'Issac Harber', '965754'),
(323, 'Mrs. Marion Romaguera', '458496'),
(324, 'Ms. Gina Schroeder III', '836977'),
(325, 'Lon Hansen', '698824'),
(326, 'Sincere Blick', '337786'),
(327, 'Lester Rolfson', '744677'),
(328, 'Miss Lindsay Quigley', '549357'),
(329, 'Wilton Miller', '136291'),
(330, 'Bernita Reinger', '162703'),
(331, 'Marilou Wiegand', '819958'),
(332, 'Ms. Novella Streich', '377005'),
(333, 'Prof. Gilbert Raynor', '314963'),
(334, 'Jonatan Abbott', '742414'),
(335, 'Doris Erdman II', '155822'),
(336, 'Elyse Volkman III', '334094'),
(337, 'Mrs. Pearl Gerhold', '265543'),
(338, 'Maxie Powlowski', '590267'),
(339, 'Neoma Schulist Sr.', '429995'),
(340, 'Robb Wintheiser', '641477'),
(341, 'Stewart Reichel', '249928'),
(342, 'Genevieve Williamson Jr.', '812516'),
(343, 'Afton Hansen', '690893'),
(344, 'Noemie Ratke', '819880'),
(345, 'Mr. Mohammed Murray', '612900'),
(346, 'Makenna Hauck', '580949'),
(347, 'Flo Wisozk', '979531'),
(348, 'Dr. Ryley Halvorson DDS', '571569'),
(349, 'Lula Goodwin', '594483'),
(350, 'Valentina O\'Reilly', '925916'),
(351, 'Omari Bode', '970218'),
(352, 'Mr. Harrison Balistreri', '154681'),
(353, 'Hilbert Kemmer', '269174'),
(354, 'Gisselle Bartell', '638691'),
(355, 'Joy Grimes', '357917'),
(356, 'Lauriane O\'Hara', '331180'),
(357, 'Prof. Judson DuBuque PhD', '863027'),
(358, 'Prof. Alize Rowe DDS', '322669'),
(359, 'Ms. Rosalind Cormier', '389996'),
(360, 'Mrs. Eva Cremin IV', '312667'),
(361, 'Frederik Ebert', '605940'),
(362, 'Ottis Schoen', '991030'),
(363, 'Arno Kutch', '929485'),
(364, 'Prof. Cecilia Grady Jr.', '796625'),
(365, 'Trace Reynolds', '151826'),
(366, 'Prof. Dawson Feil', '270137'),
(367, 'Georgianna Gutkowski DDS', '533792'),
(368, 'Enos Zulauf', '421164'),
(369, 'Evan Barrows', '135420'),
(370, 'Sunny Baumbach', '957373'),
(371, 'Jarrod West', '501029'),
(372, 'Terrell Wiegand', '116633'),
(373, 'Janet Conroy', '847170'),
(374, 'Fredrick Casper', '688311'),
(375, 'Mr. Paris Williamson II', '336605'),
(376, 'Miss Shaina Botsford', '104480'),
(377, 'Lexus King', '741107'),
(378, 'Alessandro Bayer', '873414'),
(379, 'Margarette Kunde', '799607'),
(380, 'Levi White', '624346'),
(381, 'Janet Bogan PhD', '806029'),
(382, 'Prof. Ernestina Halvorson Jr.', '253208'),
(383, 'Candelario Heller MD', '393267'),
(384, 'Ms. Rossie Sanford', '996954'),
(385, 'Lester Nitzsche', '899172'),
(386, 'Prof. Sage Powlowski PhD', '136326'),
(387, 'Duane Hane', '448313'),
(388, 'Edwardo Keeling', '770545'),
(389, 'Dr. Jack Bartoletti I', '524802'),
(390, 'Dr. Arlene Bechtelar', '485609'),
(391, 'Merritt Kerluke', '747223'),
(392, 'Lea Dare', '665126'),
(393, 'Dr. Providenci Balistreri', '945087'),
(394, 'Orie Wiza', '800149'),
(395, 'Prof. Haskell Ortiz', '150086'),
(396, 'Elsie Tromp', '378858'),
(397, 'Rebecca McLaughlin', '157382'),
(398, 'Kayla Bailey', '506932'),
(399, 'Kevin Rau', '758063'),
(400, 'Destiny Fisher', '954966'),
(401, 'Alfonso Johns', '100547'),
(402, 'Brooke Wunsch', '827596'),
(403, 'Lurline Jenkins', '762640'),
(404, 'Jaiden Schowalter PhD', '417958'),
(405, 'Alphonso Stanton', '600847'),
(406, 'Prof. Elton Heathcote MD', '314469'),
(407, 'Avis Miller', '383560'),
(408, 'Coty Gulgowski', '799508'),
(409, 'Louvenia Zulauf', '491825'),
(410, 'Mrs. Gisselle Mraz', '584246'),
(411, 'Alfreda Mitchell PhD', '992731'),
(412, 'Cruz Schmidt PhD', '812045'),
(413, 'Dr. Godfrey Towne', '216818'),
(414, 'Leone Walter', '378147'),
(415, 'Mr. Dejon Kris V', '330863'),
(416, 'Mr. Mallory Schinner', '965118'),
(417, 'Ms. Francesca Kuvalis PhD', '125746'),
(418, 'Coleman Sauer', '395069'),
(419, 'Prof. Kenna Kuhlman', '619547'),
(420, 'Reba Prosacco', '279064'),
(421, 'Santa Satterfield Sr.', '531507'),
(422, 'Elliott Harvey', '111935'),
(423, 'Dr. Joanie Waelchi', '358613'),
(424, 'Amir Morissette', '804197'),
(425, 'Dr. Cathy Paucek Jr.', '802041'),
(426, 'Douglas Hayes', '575815'),
(427, 'Mr. Cameron Hermiston MD', '137132'),
(428, 'Janie Shields DDS', '416195'),
(429, 'Abner Marks', '707216'),
(430, 'Harmon Frami', '570653'),
(431, 'Alvis Herzog', '631521'),
(432, 'Ahmad Rosenbaum', '377404'),
(433, 'Maxie Mills', '775284'),
(434, 'Prof. Ron Barrows PhD', '970818'),
(435, 'Pierce Hand', '364565'),
(436, 'Chloe Terry', '929907'),
(437, 'Petra Rempel', '664536'),
(438, 'Michaela Weissnat', '736684'),
(439, 'Mr. Jaeden Kozey III', '298331'),
(440, 'Morris Collins MD', '916766'),
(441, 'Dr. Emerald Dach', '452059'),
(442, 'Prof. Rahsaan Williamson', '872638'),
(443, 'Ernestine Huels', '191409'),
(444, 'Kyle Wilderman', '204886'),
(445, 'Dr. Ansley Gulgowski V', '189724'),
(446, 'Charlotte Jaskolski Jr.', '968291'),
(447, 'Albin Marquardt', '280620'),
(448, 'Sallie Halvorson', '531939'),
(449, 'Elenora Schroeder', '628395'),
(450, 'Prof. Alena Prohaska', '764291'),
(451, 'Ruth Gorczany', '764809'),
(452, 'Prof. Miles Mann V', '233201'),
(453, 'Jade Kassulke', '482881'),
(454, 'Brigitte Jacobi', '774244'),
(455, 'Ryley Crona PhD', '379327'),
(456, 'Dr. Webster Will Sr.', '979781'),
(457, 'Destin Price', '437097'),
(458, 'Wyatt Turcotte', '330710'),
(459, 'Mr. Benjamin Streich Sr.', '890659'),
(460, 'Aleen Rodriguez PhD', '597172'),
(461, 'Marge Greenfelder', '343262'),
(462, 'Karlie Gottlieb', '907524'),
(463, 'Mr. Lafayette Johnson IV', '330024'),
(464, 'Stuart Collins', '364921'),
(465, 'Fabiola Jerde', '268649'),
(466, 'Maeve Hoeger', '658674'),
(467, 'Carmelo Weissnat', '304862'),
(468, 'Grover Miller', '258740'),
(469, 'Ola Abbott Jr.', '179077'),
(470, 'Destany Price', '559361'),
(471, 'Ms. Vida Buckridge I', '660350'),
(472, 'Miss Dorris Wisoky IV', '496705'),
(473, 'Sharon Corkery', '178453'),
(474, 'Dr. Garrett Hammes', '517891'),
(475, 'Prof. Libbie Langosh', '393238'),
(476, 'Serena Jacobson V', '827110'),
(477, 'Prof. Brook Collins II', '885106'),
(478, 'Tad Nolan', '926721'),
(479, 'Florida Ondricka', '521130'),
(480, 'Anthony Feeney', '945503'),
(481, 'Sylvester Ebert', '773086'),
(482, 'Prof. Junior Kris', '505002'),
(483, 'Ross Bailey', '116387'),
(484, 'Mr. Chris Jast PhD', '258709'),
(485, 'Mr. Cody Stamm Sr.', '841900'),
(486, 'Eulah Cruickshank', '795694'),
(487, 'Dr. Cielo Kilback', '561636'),
(488, 'Enrique Rogahn II', '759178'),
(489, 'Mrs. Zelda Schuppe', '482581'),
(490, 'Mr. Alexis Haag', '369551'),
(491, 'Jamie Sanford', '586688'),
(492, 'Margaretta Ruecker', '131377'),
(493, 'Mathias Goldner', '488909'),
(494, 'Kelli Kilback', '858253'),
(495, 'Miss Estell O\'Reilly', '187018'),
(496, 'Dr. Ramiro Kling', '415791'),
(497, 'Cletus Thiel', '304260'),
(498, 'Dr. Jennifer Lind II', '967831'),
(499, 'Dr. Greg Denesik', '132676'),
(500, 'Anthony Sawayn', '315915');

--
-- Indexes for dumped tables
--

--
-- Indexes for table `author`
--
ALTER TABLE `author`
  ADD PRIMARY KEY (`id`),
  ADD KEY `id` (`id`);

--
-- Indexes for table `books`
--
ALTER TABLE `books`
  ADD PRIMARY KEY (`id`),
  ADD KEY `author_id` (`author_id`),
  ADD KEY `category_id` (`category_id`),
  ADD KEY `publisher_id` (`publisher_id`),
  ADD KEY `callno` (`callno`),
  ADD KEY `id` (`id`),
  ADD KEY `issued` (`issued`);

--
-- Indexes for table `category`
--
ALTER TABLE `category`
  ADD PRIMARY KEY (`id`),
  ADD KEY `id` (`id`);

--
-- Indexes for table `issued`
--
ALTER TABLE `issued`
  ADD PRIMARY KEY (`id`),
  ADD KEY `bookcallno` (`bookcallno`),
  ADD KEY `student_id` (`student_id`);

--
-- Indexes for table `librarian`
--
ALTER TABLE `librarian`
  ADD PRIMARY KEY (`id`);

--
-- Indexes for table `location`
--
ALTER TABLE `location`
  ADD PRIMARY KEY (`id`),
  ADD KEY `bookcallno` (`bookcallno`);

--
-- Indexes for table `publisher`
--
ALTER TABLE `publisher`
  ADD PRIMARY KEY (`id`),
  ADD KEY `id` (`id`);

--
-- Indexes for table `students`
--
ALTER TABLE `students`
  ADD PRIMARY KEY (`id`);

--
-- AUTO_INCREMENT for dumped tables
--

--
-- AUTO_INCREMENT for table `author`
--
ALTER TABLE `author`
  MODIFY `id` int(11) NOT NULL AUTO_INCREMENT, AUTO_INCREMENT=119;

--
-- AUTO_INCREMENT for table `books`
--
ALTER TABLE `books`
  MODIFY `id` int(11) NOT NULL AUTO_INCREMENT, AUTO_INCREMENT=923;

--
-- AUTO_INCREMENT for table `category`
--
ALTER TABLE `category`
  MODIFY `id` int(11) NOT NULL AUTO_INCREMENT, AUTO_INCREMENT=11;

--
-- AUTO_INCREMENT for table `issued`
--
ALTER TABLE `issued`
  MODIFY `id` int(11) NOT NULL AUTO_INCREMENT, AUTO_INCREMENT=5;

--
-- AUTO_INCREMENT for table `librarian`
--
ALTER TABLE `librarian`
  MODIFY `id` int(11) NOT NULL AUTO_INCREMENT, AUTO_INCREMENT=6;

--
-- AUTO_INCREMENT for table `location`
--
ALTER TABLE `location`
  MODIFY `id` int(11) NOT NULL AUTO_INCREMENT, AUTO_INCREMENT=918;

--
-- AUTO_INCREMENT for table `publisher`
--
ALTER TABLE `publisher`
  MODIFY `id` int(11) NOT NULL AUTO_INCREMENT, AUTO_INCREMENT=31;

--
-- AUTO_INCREMENT for table `students`
--
ALTER TABLE `students`
  MODIFY `id` int(11) NOT NULL AUTO_INCREMENT, AUTO_INCREMENT=501;

--
-- Constraints for dumped tables
--

--
-- Constraints for table `books`
--
ALTER TABLE `books`
  ADD CONSTRAINT `books_ibfk_1` FOREIGN KEY (`author_id`) REFERENCES `author` (`id`),
  ADD CONSTRAINT `books_ibfk_2` FOREIGN KEY (`category_id`) REFERENCES `category` (`id`),
  ADD CONSTRAINT `books_ibfk_3` FOREIGN KEY (`publisher_id`) REFERENCES `publisher` (`id`);

--
-- Constraints for table `issued`
--
ALTER TABLE `issued`
  ADD CONSTRAINT `issued_ibfk_1` FOREIGN KEY (`bookcallno`) REFERENCES `books` (`callno`),
  ADD CONSTRAINT `issued_ibfk_2` FOREIGN KEY (`student_id`) REFERENCES `students` (`id`);

--
-- Constraints for table `location`
--
ALTER TABLE `location`
  ADD CONSTRAINT `location_ibfk_1` FOREIGN KEY (`bookcallno`) REFERENCES `books` (`callno`);
COMMIT;

/*!40101 SET CHARACTER_SET_CLIENT=@OLD_CHARACTER_SET_CLIENT */;
/*!40101 SET CHARACTER_SET_RESULTS=@OLD_CHARACTER_SET_RESULTS */;
/*!40101 SET COLLATION_CONNECTION=@OLD_COLLATION_CONNECTION */;
